ORDEN;NÚMERO DOCUMENTO DE IDENTIDAD;NÚMERO SOLICITUD;CENTRO;CÓDIGO CENTRO;CICLO;CÓDIGO CICLO;LISTA;PREFERENCIA;PUNTUACIÓN;MINUSVALÍA;ATLETA;MODULO_1;MODULO_2;MODULO_3;MODULO_4;MODULO_5;MODULO_6;MODULO_7;MODULO_8;MODULO_9;MODULO_10;
1;51517919N;GSPCID24/00920;CIDEAD CENTRO INTEGRADO DE ENSEÑANZAS REG;28700519;TÉCNICO SUPERIOR EN ADMINISTRACIÓN DE SISTEMAS INFORMÁTICOS EN RED (A DISTANCIA) ;122120013;A1;NO;22.5;NO;NO;0374;0381;0376;
2;48201654W;GSPCID24/00260;CIDEAD CENTRO INTEGRADO DE ENSEÑANZAS REG;28700519;TÉCNICO SUPERIOR EN ADMINISTRACIÓN DE SISTEMAS INFORMÁTICOS EN RED (A DISTANCIA) ;122120013;A1;NO;15;NO;NO;0377;0374;0381;0376;0378;0375;
1;03235041E;GSPCID24/00581;CIDEAD CENTRO INTEGRADO DE ENSEÑANZAS REG;28700519;TÉCNICO SUPERIOR EN ADMINISTRACIÓN DE SISTEMAS INFORMÁTICOS EN RED (A DISTANCIA) ;122120013;A2;NO;23.92;NO;NO;0371;0377;0374;0381;0376;0378;0375;
2;48900501V;GSPCID24/00076;CIDEAD CENTRO INTEGRADO DE ENSEÑANZAS REG;28700519;TÉCNICO SUPERIOR EN ADMINISTRACIÓN DE SISTEMAS INFORMÁTICOS EN RED (A DISTANCIA) ;122120013;A2;NO;23.2;NO;NO;0376;0378;
3;50757943W;GSPCID24/00376;CIDEAD CENTRO INTEGRADO DE ENSEÑANZAS REG;28700519;TÉCNICO SUPERIOR EN ADMINISTRACIÓN DE SISTEMAS INFORMÁTICOS EN RED (A DISTANCIA) ;122120013;A2;NO;22.88;NO;NO;0377;0376;0378;0375;
4;49150449R;GSPCID24/00197;CIDEAD CENTRO INTEGRADO DE ENSEÑANZAS REG;28700519;TÉCNICO SUPERIOR EN ADMINISTRACIÓN DE SISTEMAS INFORMÁTICOS EN RED (A DISTANCIA) ;122120013;A2;NO;14.91;NO;NO;0377;0374;0381;0376;0378;0375;
5;47542821G;GSPCID24/00210;CIDEAD CENTRO INTEGRADO DE ENSEÑANZAS REG;28700519;TÉCNICO SUPERIOR EN ADMINISTRACIÓN DE SISTEMAS INFORMÁTICOS EN RED (A DISTANCIA) ;122120013;A2;NO;14;NO;NO;0373;
6;43177201Z;GSPCID24/00783;CIDEAD CENTRO INTEGRADO DE ENSEÑANZAS REG;28700519;TÉCNICO SUPERIOR EN ADMINISTRACIÓN DE SISTEMAS INFORMÁTICOS EN RED (A DISTANCIA) ;122120013;A2;NO;13;NO;NO;0377;0374;0376;0378;0375;
1;33497008S;GSPCID24/00080;CIDEAD CENTRO INTEGRADO DE ENSEÑANZAS REG;28700519;TÉCNICO SUPERIOR EN ADMINISTRACIÓN DE SISTEMAS INFORMÁTICOS EN RED (A DISTANCIA) ;122120013;C;NO;16.63;NO;NO;0378;0375;
2;47316423H;GSPCID24/00406;CIDEAD CENTRO INTEGRADO DE ENSEÑANZAS REG;28700519;TÉCNICO SUPERIOR EN ADMINISTRACIÓN DE SISTEMAS INFORMÁTICOS EN RED (A DISTANCIA) ;122120013;C;NO;16;NO;NO;0377;0376;0378;0375;
3;70916707W;GSPCID24/00190;CIDEAD CENTRO INTEGRADO DE ENSEÑANZAS REG;28700519;TÉCNICO SUPERIOR EN ADMINISTRACIÓN DE SISTEMAS INFORMÁTICOS EN RED (A DISTANCIA) ;122120013;C;NO;16;NO;NO;0377;0374;0381;0376;0378;0375;
4;44036334M;GSPCID24/00503;CIDEAD CENTRO INTEGRADO DE ENSEÑANZAS REG;28700519;TÉCNICO SUPERIOR EN ADMINISTRACIÓN DE SISTEMAS INFORMÁTICOS EN RED (A DISTANCIA) ;122120013;C;NO;15;NO;NO;0377;0381;0376;0378;0375;
5;08890423A;GSPCID24/00305;CIDEAD CENTRO INTEGRADO DE ENSEÑANZAS REG;28700519;TÉCNICO SUPERIOR EN ADMINISTRACIÓN DE SISTEMAS INFORMÁTICOS EN RED (A DISTANCIA) ;122120013;C;NO;10;NO;NO;0374;0381;0376;0378;
1;X9154589Z;GSPCID24/00569;CIDEAD CENTRO INTEGRADO DE ENSEÑANZAS REG;28700519;TÉCNICO SUPERIOR EN DESARROLLO DE APLICACIONES MULTIPLATAFORMA (A DISTANCIA) ;122120023;A1;NO;21.5;NO;NO;0486;0489;
2;49961853B;GSPCID24/00515;CIDEAD CENTRO INTEGRADO DE ENSEÑANZAS REG;28700519;TÉCNICO SUPERIOR EN DESARROLLO DE APLICACIONES MULTIPLATAFORMA (A DISTANCIA) ;122120023;A1;NO;14.67;NO;NO;0486;0489;
1;79337844B;GSPCID24/00150;CIDEAD CENTRO INTEGRADO DE ENSEÑANZAS REG;28700519;TÉCNICO SUPERIOR EN DESARROLLO DE APLICACIONES MULTIPLATAFORMA (A DISTANCIA) ;122120023;A2;NO;22.8;NO;NO;0486;0488;0494;0490;0489;0491;
1;20432536A;GSPCID24/00876;CIDEAD CENTRO INTEGRADO DE ENSEÑANZAS REG;28700519;TÉCNICO SUPERIOR EN DESARROLLO DE APLICACIONES MULTIPLATAFORMA (A DISTANCIA) ;122120023;B;NO;17.5;NO;NO;0486;0494;0491;
2;29490335B;GSPCID24/00739;CIDEAD CENTRO INTEGRADO DE ENSEÑANZAS REG;28700519;TÉCNICO SUPERIOR EN DESARROLLO DE APLICACIONES MULTIPLATAFORMA (A DISTANCIA) ;122120023;B;NO;10.54;NO;NO;0486;0488;0490;0489;0491;
1;44904932P;GSPCID24/00951;CIDEAD CENTRO INTEGRADO DE ENSEÑANZAS REG;28700519;TÉCNICO SUPERIOR EN DESARROLLO DE APLICACIONES MULTIPLATAFORMA (A DISTANCIA) ;122120023;C;NO;17.4;NO;NO;0486;0488;0494;0490;0489;0491;
2;45138286G;GSPCID24/00908;CIDEAD CENTRO INTEGRADO DE ENSEÑANZAS REG;28700519;TÉCNICO SUPERIOR EN DESARROLLO DE APLICACIONES MULTIPLATAFORMA (A DISTANCIA) ;122120023;C;NO;17.17;NO;NO;0488;0489;
3;44735726J;GSPCID24/00425;CIDEAD CENTRO INTEGRADO DE ENSEÑANZAS REG;28700519;TÉCNICO SUPERIOR EN DESARROLLO DE APLICACIONES MULTIPLATAFORMA (A DISTANCIA) ;122120023;C;NO;16;NO;NO;0486;0488;0494;0490;0489;0491;
4;75786369N;GSPCID24/00443;CIDEAD CENTRO INTEGRADO DE ENSEÑANZAS REG;28700519;TÉCNICO SUPERIOR EN DESARROLLO DE APLICACIONES MULTIPLATAFORMA (A DISTANCIA) ;122120023;C;NO;16;NO;NO;0486;0488;0490;0489;
5;05446498Y;GSPCID24/00110;CIDEAD CENTRO INTEGRADO DE ENSEÑANZAS REG;28700519;TÉCNICO SUPERIOR EN DESARROLLO DE APLICACIONES MULTIPLATAFORMA (A DISTANCIA) ;122120023;C;NO;15.92;NO;NO;0486;0488;0494;0490;0489;0491;
6;08974421M;GSPCID24/00779;CIDEAD CENTRO INTEGRADO DE ENSEÑANZAS REG;28700519;TÉCNICO SUPERIOR EN DESARROLLO DE APLICACIONES MULTIPLATAFORMA (A DISTANCIA) ;122120023;C;NO;11.86;NO;NO;0486;0490;0489;0491;
7;75916990Q;GSPCID24/00363;CIDEAD CENTRO INTEGRADO DE ENSEÑANZAS REG;28700519;TÉCNICO SUPERIOR EN DESARROLLO DE APLICACIONES MULTIPLATAFORMA (A DISTANCIA) ;122120023;C;NO;11.75;NO;NO;0486;0488;0490;0489;0491;
8;44411818Z;GSPCID24/00145;CIDEAD CENTRO INTEGRADO DE ENSEÑANZAS REG;28700519;TÉCNICO SUPERIOR EN DESARROLLO DE APLICACIONES MULTIPLATAFORMA (A DISTANCIA) ;122120023;C;NO;11.5;NO;NO;0486;0488;0494;0490;0489;0491;
9;75128796D;GSPCID24/00493;CIDEAD CENTRO INTEGRADO DE ENSEÑANZAS REG;28700519;TÉCNICO SUPERIOR EN DESARROLLO DE APLICACIONES MULTIPLATAFORMA (A DISTANCIA) ;122120023;C;NO;11;NO;NO;0493;0486;0488;0494;0490;0489;0491;
10;54423577B;GSPCID24/00068;CIDEAD CENTRO INTEGRADO DE ENSEÑANZAS REG;28700519;TÉCNICO SUPERIOR EN DESARROLLO DE APLICACIONES MULTIPLATAFORMA (A DISTANCIA) ;122120023;C;NO;10.71;NO;NO;0486;0488;0494;0490;0489;0491;
11;X5688923B;GSPCID24/00846;CIDEAD CENTRO INTEGRADO DE ENSEÑANZAS REG;28700519;TÉCNICO SUPERIOR EN DESARROLLO DE APLICACIONES MULTIPLATAFORMA (A DISTANCIA) ;122120023;C;NO;10.17;NO;NO;0484;
12;75957036L;GSPCID24/00356;CIDEAD CENTRO INTEGRADO DE ENSEÑANZAS REG;28700519;TÉCNICO SUPERIOR EN DESARROLLO DE APLICACIONES MULTIPLATAFORMA (A DISTANCIA) ;122120023;C;NO;10;NO;NO;0486;0488;0494;0490;0489;0491;
1;60040158S;GSPCID24/00198;CIDEAD CENTRO INTEGRADO DE ENSEÑANZAS REG;28700519;TÉCNICO SUPERIOR EN DESARROLLO DE APLICACIONES WEB (A DISTANCIA) ;122120033;C;NO;11.36;SI;NO;0612;
1;30265817W;GSPCID24/00564;CIDEAD CENTRO INTEGRADO DE ENSEÑANZAS REG;28700519;TÉCNICO SUPERIOR EN DESARROLLO DE APLICACIONES WEB (A DISTANCIA) ;122120033;A1;NO;15.1;NO;NO;0612;0613;0614;0615;0618;
1;35627938H;GSPCID24/00824;CIDEAD CENTRO INTEGRADO DE ENSEÑANZAS REG;28700519;TÉCNICO SUPERIOR EN DESARROLLO DE APLICACIONES WEB (A DISTANCIA) ;122120033;A2;NO;14.97;NO;NO;0612;0613;0614;0615;0618;
1;X9105895B;GSPCID24/00874;CIDEAD CENTRO INTEGRADO DE ENSEÑANZAS REG;28700519;TÉCNICO SUPERIOR EN DESARROLLO DE APLICACIONES WEB (A DISTANCIA) ;122120033;B;NO;15.23;NO;NO;0612;0613;0614;0615;0618;
1;23293349F;GSPCID24/00186;CIDEAD CENTRO INTEGRADO DE ENSEÑANZAS REG;28700519;TÉCNICO SUPERIOR EN DESARROLLO DE APLICACIONES WEB (A DISTANCIA) ;122120033;C;NO;19.57;NO;NO;0612;0613;0614;0615;0618;
2;60475640S;GSPCID24/00283;CIDEAD CENTRO INTEGRADO DE ENSEÑANZAS REG;28700519;TÉCNICO SUPERIOR EN DESARROLLO DE APLICACIONES WEB (A DISTANCIA) ;122120033;C;NO;17.71;NO;NO;0612;0613;0614;0615;
3;33562098S;GSPCID24/00685;CIDEAD CENTRO INTEGRADO DE ENSEÑANZAS REG;28700519;TÉCNICO SUPERIOR EN DESARROLLO DE APLICACIONES WEB (A DISTANCIA) ;122120033;C;NO;16.5;NO;NO;0612;0613;0615;
4;05274387G;GSPCID24/00365;CIDEAD CENTRO INTEGRADO DE ENSEÑANZAS REG;28700519;TÉCNICO SUPERIOR EN DESARROLLO DE APLICACIONES WEB (A DISTANCIA) ;122120033;C;NO;16;NO;NO;0614;0615;
5;26803760C;GSPCID24/00949;CIDEAD CENTRO INTEGRADO DE ENSEÑANZAS REG;28700519;TÉCNICO SUPERIOR EN DESARROLLO DE APLICACIONES WEB (A DISTANCIA) ;122120033;C;NO;15;NO;NO;0612;0613;0614;0615;
6;53720761Y;GSPCID24/00133;CIDEAD CENTRO INTEGRADO DE ENSEÑANZAS REG;28700519;TÉCNICO SUPERIOR EN DESARROLLO DE APLICACIONES WEB (A DISTANCIA) ;122120033;C;NO;13.57;NO;NO;0612;0613;0614;0615;0618;
7;53718275G;GSPCID24/00405;CIDEAD CENTRO INTEGRADO DE ENSEÑANZAS REG;28700519;TÉCNICO SUPERIOR EN DESARROLLO DE APLICACIONES WEB (A DISTANCIA) ;122120033;C;NO;11.69;NO;NO;0373;
8;50325201M;GSPCID24/00895;CIDEAD CENTRO INTEGRADO DE ENSEÑANZAS REG;28700519;TÉCNICO SUPERIOR EN DESARROLLO DE APLICACIONES WEB (A DISTANCIA) ;122120033;C;NO;11.36;NO;NO;0612;0613;0614;0615;
9;74522167M;GSPCID24/00418;CIDEAD CENTRO INTEGRADO DE ENSEÑANZAS REG;28700519;TÉCNICO SUPERIOR EN DESARROLLO DE APLICACIONES WEB (A DISTANCIA) ;122120033;C;NO;11.29;NO;NO;0612;
10;33965713A;GSPCID24/00696;CIDEAD CENTRO INTEGRADO DE ENSEÑANZAS REG;28700519;TÉCNICO SUPERIOR EN DESARROLLO DE APLICACIONES WEB (A DISTANCIA) ;122120033;C;NO;10;NO;NO;0612;0613;0614;0615;
11;47469392Z;GSPCID24/00640;CIDEAD CENTRO INTEGRADO DE ENSEÑANZAS REG;28700519;TÉCNICO SUPERIOR EN DESARROLLO DE APLICACIONES WEB (A DISTANCIA) ;122120033;C;NO;10;NO;NO;0612;0613;0614;0615;
12;28918329S;GSPCID24/00393;CIDEAD CENTRO INTEGRADO DE ENSEÑANZAS REG;28700519;TÉCNICO SUPERIOR EN DESARROLLO DE APLICACIONES WEB (A DISTANCIA) ;122120033;C;NO;10;NO;NO;0612;0613;0614;0615;
13;50906158M;GSPCID24/00322;CIDEAD CENTRO INTEGRADO DE ENSEÑANZAS REG;28700519;TÉCNICO SUPERIOR EN DESARROLLO DE APLICACIONES WEB (A DISTANCIA) ;122120033;C;NO;10;NO;NO;0612;0615;0618;
14;49710278X;GSPCID24/00288;CIDEAD CENTRO INTEGRADO DE ENSEÑANZAS REG;28700519;TÉCNICO SUPERIOR EN DESARROLLO DE APLICACIONES WEB (A DISTANCIA) ;122120033;C;NO;10;NO;NO;0483;0612;0613;0614;0615;0618;
15;45752615A;GSPCID24/00884;CIDEAD CENTRO INTEGRADO DE ENSEÑANZAS REG;28700519;TÉCNICO SUPERIOR EN DESARROLLO DE APLICACIONES WEB (A DISTANCIA) ;122120033;C;NO;9;NO;NO;0612;0613;0614;0615;
1;04214119J;GSPCID24/00706;CIDEAD CENTRO INTEGRADO DE ENSEÑANZAS REG;28700519;TÉCNICO SUPERIOR EN EFICIENCIA ENERGÉTICA Y ENERGÍA SOLAR TÉRMICA (A DISTANCIA) ;122111013;A1;NO;13.9;NO;NO;0352;0357;0351;0122;0123;
2;43039187T;GSPCID24/00222;CIDEAD CENTRO INTEGRADO DE ENSEÑANZAS REG;28700519;TÉCNICO SUPERIOR EN EFICIENCIA ENERGÉTICA Y ENERGÍA SOLAR TÉRMICA (A DISTANCIA) ;122111013;A1;NO;10;NO;NO;0351;0123;
1;76018339G;GSPCID24/00309;CIDEAD CENTRO INTEGRADO DE ENSEÑANZAS REG;28700519;TÉCNICO SUPERIOR EN AUTOMATIZACIÓN Y ROBÓTICA INDUSTRIAL (A DISTANCIA) ;122110043;A1;NO;22.3;NO;NO;0967;0971;0968;0966;0965;
1;160852422;GSPCID24/00518;CIDEAD CENTRO INTEGRADO DE ENSEÑANZAS REG;28700519;TÉCNICO SUPERIOR EN AUTOMATIZACIÓN Y ROBÓTICA INDUSTRIAL (A DISTANCIA) ;122110043;C;NO;16;NO;NO;0962;0967;0971;0968;0966;0965;
1;76032873W;GSPCID24/00785;CIDEAD CENTRO INTEGRADO DE ENSEÑANZAS REG;28700519;TÉCNICO SUPERIOR EN MANTENIMIENTO ELECTRÓNICO (A DISTANCIA) ;122110033;C;NO;16.9;NO;NO;1062;1059;1056;1053;1057;1054;
1;72883268V;GSPCID24/00519;CIDEAD CENTRO INTEGRADO DE ENSEÑANZAS REG;28700519;TÉCNICO SUPERIOR EN ADMINISTRACIÓN DE SISTEMAS INFORMÁTICOS EN RED (LFP) (A DISTANCIA) ;122420013;B;NO;16;SI;NO;0371;0372;0369;0179;1709;0373;0370;
2;49069419T;GSPCID24/00353;CIDEAD CENTRO INTEGRADO DE ENSEÑANZAS REG;28700519;TÉCNICO SUPERIOR EN ADMINISTRACIÓN DE SISTEMAS INFORMÁTICOS EN RED (LFP) (A DISTANCIA) ;122420013;A2;NO;15.33;SI;NO;0371;0372;0369;0179;0373;0370;
3;45300095P;GSPCID24/00107;CIDEAD CENTRO INTEGRADO DE ENSEÑANZAS REG;28700519;TÉCNICO SUPERIOR EN ADMINISTRACIÓN DE SISTEMAS INFORMÁTICOS EN RED (LFP) (A DISTANCIA) ;122420013;B;NO;15;SI;NO;0371;0372;0369;
4;48433054E;GSPCID24/00642;CIDEAD CENTRO INTEGRADO DE ENSEÑANZAS REG;28700519;TÉCNICO SUPERIOR EN ADMINISTRACIÓN DE SISTEMAS INFORMÁTICOS EN RED (LFP) (A DISTANCIA) ;122420013;C;NO;15;SI;NO;0369;
5;53965111G;GSPCID24/00471;CIDEAD CENTRO INTEGRADO DE ENSEÑANZAS REG;28700519;TÉCNICO SUPERIOR EN ADMINISTRACIÓN DE SISTEMAS INFORMÁTICOS EN RED (LFP) (A DISTANCIA) ;122420013;C;NO;14.14;SI;NO;0371;0372;0369;0179;1709;0373;0370;1708;
6;52785789F;GSPCID24/00315;CIDEAD CENTRO INTEGRADO DE ENSEÑANZAS REG;28700519;TÉCNICO SUPERIOR EN ADMINISTRACIÓN DE SISTEMAS INFORMÁTICOS EN RED (LFP) (A DISTANCIA) ;122420013;A2;NO;13;SI;NO;0371;0372;0369;0373;0370;
7;28801422V;GSPCID24/00987;CIDEAD CENTRO INTEGRADO DE ENSEÑANZAS REG;28700519;TÉCNICO SUPERIOR EN ADMINISTRACIÓN DE SISTEMAS INFORMÁTICOS EN RED (LFP) (A DISTANCIA) ;122420013;B;NO;10.07;SI;NO;0371;
8;49031401R;GSPCID24/00929;CIDEAD CENTRO INTEGRADO DE ENSEÑANZAS REG;28700519;TÉCNICO SUPERIOR EN ADMINISTRACIÓN DE SISTEMAS INFORMÁTICOS EN RED (LFP) (A DISTANCIA) ;122420013;B;NO;9.17;SI;NO;0371;0372;0369;0179;1709;0373;0370;1708;
9;52886655H;GSPCID24/00258;CIDEAD CENTRO INTEGRADO DE ENSEÑANZAS REG;28700519;TÉCNICO SUPERIOR EN ADMINISTRACIÓN DE SISTEMAS INFORMÁTICOS EN RED (LFP) (A DISTANCIA) ;122420013;C;NO;9.1;SI;NO;0371;0372;0369;0179;1709;0373;0370;
10;54047429M;GSPCID24/00541;CIDEAD CENTRO INTEGRADO DE ENSEÑANZAS REG;28700519;TÉCNICO SUPERIOR EN ADMINISTRACIÓN DE SISTEMAS INFORMÁTICOS EN RED (LFP) (A DISTANCIA) ;122420013;C;NO;9;SI;NO;0371;0372;0369;0179;1709;0373;0370;1708;
1;23954637E;GSPCID24/00557;CIDEAD CENTRO INTEGRADO DE ENSEÑANZAS REG;28700519;TÉCNICO SUPERIOR EN ADMINISTRACIÓN DE SISTEMAS INFORMÁTICOS EN RED (LFP) (A DISTANCIA) ;122420013;A1;NO;23.44;NO;NO;0371;0372;0369;0179;1709;0373;0370;1708;
2;45092904R;GSPCID24/00630;CIDEAD CENTRO INTEGRADO DE ENSEÑANZAS REG;28700519;TÉCNICO SUPERIOR EN ADMINISTRACIÓN DE SISTEMAS INFORMÁTICOS EN RED (LFP) (A DISTANCIA) ;122420013;A1;NO;23.39;NO;NO;0371;0369;0370;
3;72105345T;GSPCID24/00633;CIDEAD CENTRO INTEGRADO DE ENSEÑANZAS REG;28700519;TÉCNICO SUPERIOR EN ADMINISTRACIÓN DE SISTEMAS INFORMÁTICOS EN RED (LFP) (A DISTANCIA) ;122420013;A1;NO;22.12;NO;NO;0371;0372;0369;0179;1709;0373;0370;1708;
4;76878193A;GSPCID24/00291;CIDEAD CENTRO INTEGRADO DE ENSEÑANZAS REG;28700519;TÉCNICO SUPERIOR EN ADMINISTRACIÓN DE SISTEMAS INFORMÁTICOS EN RED (LFP) (A DISTANCIA) ;122420013;A1;NO;22.1;NO;NO;0371;
5;76647924X;GSPCID24/00114;CIDEAD CENTRO INTEGRADO DE ENSEÑANZAS REG;28700519;TÉCNICO SUPERIOR EN ADMINISTRACIÓN DE SISTEMAS INFORMÁTICOS EN RED (LFP) (A DISTANCIA) ;122420013;A1;NO;21.59;NO;NO;0371;0372;0369;0179;1709;0373;0370;1708;
6;72855912P;GSPCID24/00087;CIDEAD CENTRO INTEGRADO DE ENSEÑANZAS REG;28700519;TÉCNICO SUPERIOR EN ADMINISTRACIÓN DE SISTEMAS INFORMÁTICOS EN RED (LFP) (A DISTANCIA) ;122420013;A1;NO;21.42;NO;NO;0371;0372;0369;1709;0373;0370;1708;
7;70830395D;GSPCID24/00371;CIDEAD CENTRO INTEGRADO DE ENSEÑANZAS REG;28700519;TÉCNICO SUPERIOR EN ADMINISTRACIÓN DE SISTEMAS INFORMÁTICOS EN RED (LFP) (A DISTANCIA) ;122420013;A1;NO;21.41;NO;NO;0371;0372;0369;0179;1709;0373;0370;1708;
8;49043997Q;GSPCID24/00772;CIDEAD CENTRO INTEGRADO DE ENSEÑANZAS REG;28700519;TÉCNICO SUPERIOR EN ADMINISTRACIÓN DE SISTEMAS INFORMÁTICOS EN RED (LFP) (A DISTANCIA) ;122420013;A1;NO;21.35;NO;NO;1709;1708;
9;72078182T;GSPCID24/00891;CIDEAD CENTRO INTEGRADO DE ENSEÑANZAS REG;28700519;TÉCNICO SUPERIOR EN ADMINISTRACIÓN DE SISTEMAS INFORMÁTICOS EN RED (LFP) (A DISTANCIA) ;122420013;A1;NO;21.1;NO;NO;0371;0372;0369;0179;1709;0373;0370;1708;
10;20863247Q;GSPCID24/00778;CIDEAD CENTRO INTEGRADO DE ENSEÑANZAS REG;28700519;TÉCNICO SUPERIOR EN ADMINISTRACIÓN DE SISTEMAS INFORMÁTICOS EN RED (LFP) (A DISTANCIA) ;122420013;A1;NO;20.96;NO;NO;0371;0372;0369;1709;0373;0370;1708;
11;77470379P;GSPCID24/00058;CIDEAD CENTRO INTEGRADO DE ENSEÑANZAS REG;28700519;TÉCNICO SUPERIOR EN ADMINISTRACIÓN DE SISTEMAS INFORMÁTICOS EN RED (LFP) (A DISTANCIA) ;122420013;A1;NO;20.8;NO;NO;0371;0372;0369;0179;1709;0373;0370;
12;Y7663557V;GSPCID24/00394;CIDEAD CENTRO INTEGRADO DE ENSEÑANZAS REG;28700519;TÉCNICO SUPERIOR EN ADMINISTRACIÓN DE SISTEMAS INFORMÁTICOS EN RED (LFP) (A DISTANCIA) ;122420013;A1;NO;20.63;NO;NO;0179;
13;53494861N;GSPCID24/00601;CIDEAD CENTRO INTEGRADO DE ENSEÑANZAS REG;28700519;TÉCNICO SUPERIOR EN ADMINISTRACIÓN DE SISTEMAS INFORMÁTICOS EN RED (LFP) (A DISTANCIA) ;122420013;A1;NO;20.6;NO;NO;0371;0372;0369;0179;1709;0373;0370;1708;
14;45605058Z;GSPCID24/00565;CIDEAD CENTRO INTEGRADO DE ENSEÑANZAS REG;28700519;TÉCNICO SUPERIOR EN ADMINISTRACIÓN DE SISTEMAS INFORMÁTICOS EN RED (LFP) (A DISTANCIA) ;122420013;A1;NO;20.42;NO;NO;0371;0372;0369;0179;1709;0373;0370;1708;
15;71563909F;GSPCID24/00453;CIDEAD CENTRO INTEGRADO DE ENSEÑANZAS REG;28700519;TÉCNICO SUPERIOR EN ADMINISTRACIÓN DE SISTEMAS INFORMÁTICOS EN RED (LFP) (A DISTANCIA) ;122420013;A1;NO;20.24;NO;NO;0371;0372;0369;0179;1709;0373;0370;1708;
16;77471040W;GSPCID24/00005;CIDEAD CENTRO INTEGRADO DE ENSEÑANZAS REG;28700519;TÉCNICO SUPERIOR EN ADMINISTRACIÓN DE SISTEMAS INFORMÁTICOS EN RED (LFP) (A DISTANCIA) ;122420013;A1;NO;20.23;NO;NO;0371;0372;0369;0179;1709;0373;0370;1708;
17;38870237F;GSPCID24/00015;CIDEAD CENTRO INTEGRADO DE ENSEÑANZAS REG;28700519;TÉCNICO SUPERIOR EN ADMINISTRACIÓN DE SISTEMAS INFORMÁTICOS EN RED (LFP) (A DISTANCIA) ;122420013;A1;NO;20.2;NO;NO;0370;
18;25340500C;GSPCID24/00654;CIDEAD CENTRO INTEGRADO DE ENSEÑANZAS REG;28700519;TÉCNICO SUPERIOR EN ADMINISTRACIÓN DE SISTEMAS INFORMÁTICOS EN RED (LFP) (A DISTANCIA) ;122420013;A1;NO;20.1;NO;NO;0371;0372;0369;0179;1709;0373;0370;1708;
19;50357723M;GSPCID24/00592;CIDEAD CENTRO INTEGRADO DE ENSEÑANZAS REG;28700519;TÉCNICO SUPERIOR EN ADMINISTRACIÓN DE SISTEMAS INFORMÁTICOS EN RED (LFP) (A DISTANCIA) ;122420013;A1;NO;20.06;NO;NO;0371;0372;0369;0179;1709;0373;0370;1708;
20;Y6873940J;GSPCID24/00705;CIDEAD CENTRO INTEGRADO DE ENSEÑANZAS REG;28700519;TÉCNICO SUPERIOR EN ADMINISTRACIÓN DE SISTEMAS INFORMÁTICOS EN RED (LFP) (A DISTANCIA) ;122420013;A1;NO;20;NO;NO;0371;0372;0369;0179;1709;0373;0370;1708;
21;50893181T;GSPCID24/00416;CIDEAD CENTRO INTEGRADO DE ENSEÑANZAS REG;28700519;TÉCNICO SUPERIOR EN ADMINISTRACIÓN DE SISTEMAS INFORMÁTICOS EN RED (LFP) (A DISTANCIA) ;122420013;A1;NO;19.8;NO;NO;0371;0372;0369;0179;0373;0370;
22;53967150L;GSPCID24/00364;CIDEAD CENTRO INTEGRADO DE ENSEÑANZAS REG;28700519;TÉCNICO SUPERIOR EN ADMINISTRACIÓN DE SISTEMAS INFORMÁTICOS EN RED (LFP) (A DISTANCIA) ;122420013;A1;NO;19.79;NO;NO;0371;0372;0369;0179;0373;0370;
23;16640581N;GSPCID24/00556;CIDEAD CENTRO INTEGRADO DE ENSEÑANZAS REG;28700519;TÉCNICO SUPERIOR EN ADMINISTRACIÓN DE SISTEMAS INFORMÁTICOS EN RED (LFP) (A DISTANCIA) ;122420013;A1;NO;19.74;NO;NO;0372;
24;41575262W;GSPCID24/00498;CIDEAD CENTRO INTEGRADO DE ENSEÑANZAS REG;28700519;TÉCNICO SUPERIOR EN ADMINISTRACIÓN DE SISTEMAS INFORMÁTICOS EN RED (LFP) (A DISTANCIA) ;122420013;A1;NO;19.59;NO;NO;0371;0372;0369;0179;1709;0373;0370;1708;
25;09064574K;GSPCID24/00490;CIDEAD CENTRO INTEGRADO DE ENSEÑANZAS REG;28700519;TÉCNICO SUPERIOR EN ADMINISTRACIÓN DE SISTEMAS INFORMÁTICOS EN RED (LFP) (A DISTANCIA) ;122420013;A1;NO;19.59;NO;NO;0371;0372;0369;0179;1709;0373;0370;1708;
26;50747961W;GSPCID24/00263;CIDEAD CENTRO INTEGRADO DE ENSEÑANZAS REG;28700519;TÉCNICO SUPERIOR EN ADMINISTRACIÓN DE SISTEMAS INFORMÁTICOS EN RED (LFP) (A DISTANCIA) ;122420013;A1;NO;19.53;NO;NO;1708;
27;06016263S;GSPCID24/00973;CIDEAD CENTRO INTEGRADO DE ENSEÑANZAS REG;28700519;TÉCNICO SUPERIOR EN ADMINISTRACIÓN DE SISTEMAS INFORMÁTICOS EN RED (LFP) (A DISTANCIA) ;122420013;A1;NO;19.53;NO;NO;0371;0372;0369;0179;1709;0373;0370;1708;
28;44764176N;GSPCID24/00611;CIDEAD CENTRO INTEGRADO DE ENSEÑANZAS REG;28700519;TÉCNICO SUPERIOR EN ADMINISTRACIÓN DE SISTEMAS INFORMÁTICOS EN RED (LFP) (A DISTANCIA) ;122420013;A1;NO;19.39;NO;NO;0371;0369;0373;
29;70914657E;GSPCID24/00978;CIDEAD CENTRO INTEGRADO DE ENSEÑANZAS REG;28700519;TÉCNICO SUPERIOR EN ADMINISTRACIÓN DE SISTEMAS INFORMÁTICOS EN RED (LFP) (A DISTANCIA) ;122420013;A1;NO;19.22;NO;NO;0372;
30;52953396J;GSPCID24/00352;CIDEAD CENTRO INTEGRADO DE ENSEÑANZAS REG;28700519;TÉCNICO SUPERIOR EN ADMINISTRACIÓN DE SISTEMAS INFORMÁTICOS EN RED (LFP) (A DISTANCIA) ;122420013;A1;NO;19;NO;NO;0371;0372;0369;0179;0373;0370;
31;44479293F;GSPCID24/00636;CIDEAD CENTRO INTEGRADO DE ENSEÑANZAS REG;28700519;TÉCNICO SUPERIOR EN ADMINISTRACIÓN DE SISTEMAS INFORMÁTICOS EN RED (LFP) (A DISTANCIA) ;122420013;A1;NO;19;NO;NO;0371;0372;0369;0179;1709;0373;0370;1708;
32;34880202N;GSPCID24/00510;CIDEAD CENTRO INTEGRADO DE ENSEÑANZAS REG;28700519;TÉCNICO SUPERIOR EN ADMINISTRACIÓN DE SISTEMAS INFORMÁTICOS EN RED (LFP) (A DISTANCIA) ;122420013;A1;NO;19;NO;NO;0371;0372;0369;0179;1709;0373;0370;1708;
33;76829567E;GSPCID24/00697;CIDEAD CENTRO INTEGRADO DE ENSEÑANZAS REG;28700519;TÉCNICO SUPERIOR EN ADMINISTRACIÓN DE SISTEMAS INFORMÁTICOS EN RED (LFP) (A DISTANCIA) ;122420013;A1;NO;19;NO;NO;0371;0372;0369;0179;1709;0373;0370;1708;
34;51713206Y;GSPCID24/00559;CIDEAD CENTRO INTEGRADO DE ENSEÑANZAS REG;28700519;TÉCNICO SUPERIOR EN ADMINISTRACIÓN DE SISTEMAS INFORMÁTICOS EN RED (LFP) (A DISTANCIA) ;122420013;A1;NO;19;NO;NO;0371;0372;0369;0179;1709;0373;0370;1708;
35;75772470M;GSPCID24/00684;CIDEAD CENTRO INTEGRADO DE ENSEÑANZAS REG;28700519;TÉCNICO SUPERIOR EN ADMINISTRACIÓN DE SISTEMAS INFORMÁTICOS EN RED (LFP) (A DISTANCIA) ;122420013;A1;NO;19;NO;NO;0371;0372;0369;1709;0373;0370;1708;
36;28792589Q;GSPCID24/00902;CIDEAD CENTRO INTEGRADO DE ENSEÑANZAS REG;28700519;TÉCNICO SUPERIOR EN ADMINISTRACIÓN DE SISTEMAS INFORMÁTICOS EN RED (LFP) (A DISTANCIA) ;122420013;A1;NO;19;NO;NO;0371;0372;0369;0179;1709;0373;0370;1708;
37;26523963H;GSPCID24/00786;CIDEAD CENTRO INTEGRADO DE ENSEÑANZAS REG;28700519;TÉCNICO SUPERIOR EN ADMINISTRACIÓN DE SISTEMAS INFORMÁTICOS EN RED (LFP) (A DISTANCIA) ;122420013;A1;NO;16.76;NO;NO;0371;0372;0369;0179;1709;0373;0370;1708;
38;08140049G;GSPCID24/00120;CIDEAD CENTRO INTEGRADO DE ENSEÑANZAS REG;28700519;TÉCNICO SUPERIOR EN ADMINISTRACIÓN DE SISTEMAS INFORMÁTICOS EN RED (LFP) (A DISTANCIA) ;122420013;A1;NO;16.69;NO;NO;0371;0372;0369;0179;1709;0370;
39;53715477N;GSPCID24/00071;CIDEAD CENTRO INTEGRADO DE ENSEÑANZAS REG;28700519;TÉCNICO SUPERIOR EN ADMINISTRACIÓN DE SISTEMAS INFORMÁTICOS EN RED (LFP) (A DISTANCIA) ;122420013;A1;NO;16.47;NO;NO;0371;0372;0369;0179;1709;0373;1708;
40;73111886S;GSPCID24/00233;CIDEAD CENTRO INTEGRADO DE ENSEÑANZAS REG;28700519;TÉCNICO SUPERIOR EN ADMINISTRACIÓN DE SISTEMAS INFORMÁTICOS EN RED (LFP) (A DISTANCIA) ;122420013;A1;NO;16.32;NO;NO;0371;0369;0179;1709;1708;
41;43225621L;GSPCID24/00019;CIDEAD CENTRO INTEGRADO DE ENSEÑANZAS REG;28700519;TÉCNICO SUPERIOR EN ADMINISTRACIÓN DE SISTEMAS INFORMÁTICOS EN RED (LFP) (A DISTANCIA) ;122420013;A1;NO;16.21;NO;NO;0371;0372;0369;0179;1709;0373;0370;
42;AAG468035;GSPCID24/00731;CIDEAD CENTRO INTEGRADO DE ENSEÑANZAS REG;28700519;TÉCNICO SUPERIOR EN ADMINISTRACIÓN DE SISTEMAS INFORMÁTICOS EN RED (LFP) (A DISTANCIA) ;122420013;A1;NO;15.68;NO;NO;0371;
43;50554671G;GSPCID24/00297;CIDEAD CENTRO INTEGRADO DE ENSEÑANZAS REG;28700519;TÉCNICO SUPERIOR EN ADMINISTRACIÓN DE SISTEMAS INFORMÁTICOS EN RED (LFP) (A DISTANCIA) ;122420013;A1;NO;15.67;NO;NO;0371;0372;0369;0179;1709;0373;0370;
44;76667334P;GSPCID24/00883;CIDEAD CENTRO INTEGRADO DE ENSEÑANZAS REG;28700519;TÉCNICO SUPERIOR EN ADMINISTRACIÓN DE SISTEMAS INFORMÁTICOS EN RED (LFP) (A DISTANCIA) ;122420013;A1;NO;15.47;NO;NO;0371;0372;0369;0179;1709;0373;0370;1708;
45;Y6977996V;GSPCID24/00946;CIDEAD CENTRO INTEGRADO DE ENSEÑANZAS REG;28700519;TÉCNICO SUPERIOR EN ADMINISTRACIÓN DE SISTEMAS INFORMÁTICOS EN RED (LFP) (A DISTANCIA) ;122420013;A1;NO;15.23;NO;NO;0371;0372;0369;0179;1709;0373;0370;1708;
46;76135347B;GSPCID24/00486;CIDEAD CENTRO INTEGRADO DE ENSEÑANZAS REG;28700519;TÉCNICO SUPERIOR EN ADMINISTRACIÓN DE SISTEMAS INFORMÁTICOS EN RED (LFP) (A DISTANCIA) ;122420013;A1;NO;15.22;NO;NO;0371;0372;0369;0179;1709;0373;0370;1708;
47;CA14885CL;GSPCID24/00776;CIDEAD CENTRO INTEGRADO DE ENSEÑANZAS REG;28700519;TÉCNICO SUPERIOR EN ADMINISTRACIÓN DE SISTEMAS INFORMÁTICOS EN RED (LFP) (A DISTANCIA) ;122420013;A1;NO;15.07;NO;NO;0371;0372;0369;0179;1709;0373;0370;1708;
48;77495142T;GSPCID24/00841;CIDEAD CENTRO INTEGRADO DE ENSEÑANZAS REG;28700519;TÉCNICO SUPERIOR EN ADMINISTRACIÓN DE SISTEMAS INFORMÁTICOS EN RED (LFP) (A DISTANCIA) ;122420013;A1;NO;14.72;NO;NO;0371;0372;0369;0179;1709;0373;0370;1708;
49;46157219Z;GSPCID24/00152;CIDEAD CENTRO INTEGRADO DE ENSEÑANZAS REG;28700519;TÉCNICO SUPERIOR EN ADMINISTRACIÓN DE SISTEMAS INFORMÁTICOS EN RED (LFP) (A DISTANCIA) ;122420013;A1;NO;14.71;NO;NO;0371;0372;0369;0179;
50;78552528F;GSPCID24/00732;CIDEAD CENTRO INTEGRADO DE ENSEÑANZAS REG;28700519;TÉCNICO SUPERIOR EN ADMINISTRACIÓN DE SISTEMAS INFORMÁTICOS EN RED (LFP) (A DISTANCIA) ;122420013;A1;NO;14.3;NO;NO;0371;0372;0369;0179;1709;0373;0370;1708;
51;32978498V;GSPCID24/00798;CIDEAD CENTRO INTEGRADO DE ENSEÑANZAS REG;28700519;TÉCNICO SUPERIOR EN ADMINISTRACIÓN DE SISTEMAS INFORMÁTICOS EN RED (LFP) (A DISTANCIA) ;122420013;A1;NO;14;NO;NO;0371;0372;0369;0179;1709;0373;0370;
52;14275891K;GSPCID24/00069;CIDEAD CENTRO INTEGRADO DE ENSEÑANZAS REG;28700519;TÉCNICO SUPERIOR EN ADMINISTRACIÓN DE SISTEMAS INFORMÁTICOS EN RED (LFP) (A DISTANCIA) ;122420013;A1;NO;14;NO;NO;0371;0372;0369;0179;1709;0373;0370;1708;
53;28726303Q;GSPCID24/00285;CIDEAD CENTRO INTEGRADO DE ENSEÑANZAS REG;28700519;TÉCNICO SUPERIOR EN ADMINISTRACIÓN DE SISTEMAS INFORMÁTICOS EN RED (LFP) (A DISTANCIA) ;122420013;A1;NO;13.9;NO;NO;0179;1709;1708;
54;EC7418478;GSPCID24/00390;CIDEAD CENTRO INTEGRADO DE ENSEÑANZAS REG;28700519;TÉCNICO SUPERIOR EN ADMINISTRACIÓN DE SISTEMAS INFORMÁTICOS EN RED (LFP) (A DISTANCIA) ;122420013;A1;NO;13.57;NO;NO;0371;0372;0369;0179;0373;0370;
55;47229845N;GSPCID24/00248;CIDEAD CENTRO INTEGRADO DE ENSEÑANZAS REG;28700519;TÉCNICO SUPERIOR EN ADMINISTRACIÓN DE SISTEMAS INFORMÁTICOS EN RED (LFP) (A DISTANCIA) ;122420013;A1;NO;13.4;NO;NO;0371;0372;0369;0179;1709;0373;0370;1708;
56;09886096Y;GSPCID24/00307;CIDEAD CENTRO INTEGRADO DE ENSEÑANZAS REG;28700519;TÉCNICO SUPERIOR EN ADMINISTRACIÓN DE SISTEMAS INFORMÁTICOS EN RED (LFP) (A DISTANCIA) ;122420013;A1;NO;13;NO;NO;0371;0372;0369;0179;0373;0370;1708;
1;43382752Z;GSPCID24/00528;CIDEAD CENTRO INTEGRADO DE ENSEÑANZAS REG;28700519;TÉCNICO SUPERIOR EN ADMINISTRACIÓN DE SISTEMAS INFORMÁTICOS EN RED (LFP) (A DISTANCIA) ;122420013;A2;NO;24.5;NO;NO;0371;0372;0369;0179;1709;0373;0370;1708;
2;53975918R;GSPCID24/00647;CIDEAD CENTRO INTEGRADO DE ENSEÑANZAS REG;28700519;TÉCNICO SUPERIOR EN ADMINISTRACIÓN DE SISTEMAS INFORMÁTICOS EN RED (LFP) (A DISTANCIA) ;122420013;A2;NO;24.2;NO;NO;0371;0372;0369;0179;1709;0373;0370;1708;
3;49019452N;GSPCID24/00041;CIDEAD CENTRO INTEGRADO DE ENSEÑANZAS REG;28700519;TÉCNICO SUPERIOR EN ADMINISTRACIÓN DE SISTEMAS INFORMÁTICOS EN RED (LFP) (A DISTANCIA) ;122420013;A2;NO;23.5;NO;NO;0371;0179;1708;
4;70250138L;GSPCID24/00442;CIDEAD CENTRO INTEGRADO DE ENSEÑANZAS REG;28700519;TÉCNICO SUPERIOR EN ADMINISTRACIÓN DE SISTEMAS INFORMÁTICOS EN RED (LFP) (A DISTANCIA) ;122420013;A2;NO;23.27;NO;NO;0179;0373;0370;
5;Y2714259C;GSPCID24/00522;CIDEAD CENTRO INTEGRADO DE ENSEÑANZAS REG;28700519;TÉCNICO SUPERIOR EN ADMINISTRACIÓN DE SISTEMAS INFORMÁTICOS EN RED (LFP) (A DISTANCIA) ;122420013;A2;NO;22.8;NO;NO;0371;0372;0369;0179;1709;0373;0370;1708;
6;47490502X;GSPCID24/00212;CIDEAD CENTRO INTEGRADO DE ENSEÑANZAS REG;28700519;TÉCNICO SUPERIOR EN ADMINISTRACIÓN DE SISTEMAS INFORMÁTICOS EN RED (LFP) (A DISTANCIA) ;122420013;A2;NO;22.6;NO;NO;0371;0372;0369;0179;0373;0370;1708;
7;49454637Z;GSPCID24/00868;CIDEAD CENTRO INTEGRADO DE ENSEÑANZAS REG;28700519;TÉCNICO SUPERIOR EN ADMINISTRACIÓN DE SISTEMAS INFORMÁTICOS EN RED (LFP) (A DISTANCIA) ;122420013;A2;NO;22.18;NO;NO;0371;0372;0369;0179;1709;0373;0370;1708;
8;74691724Y;GSPCID24/00016;CIDEAD CENTRO INTEGRADO DE ENSEÑANZAS REG;28700519;TÉCNICO SUPERIOR EN ADMINISTRACIÓN DE SISTEMAS INFORMÁTICOS EN RED (LFP) (A DISTANCIA) ;122420013;A2;NO;22;NO;NO;0371;0372;0369;1709;0373;0370;1708;
9;49097455E;GSPCID24/00184;CIDEAD CENTRO INTEGRADO DE ENSEÑANZAS REG;28700519;TÉCNICO SUPERIOR EN ADMINISTRACIÓN DE SISTEMAS INFORMÁTICOS EN RED (LFP) (A DISTANCIA) ;122420013;A2;NO;21.75;NO;NO;0371;0372;0369;0370;
10;28723441Y;GSPCID24/00344;CIDEAD CENTRO INTEGRADO DE ENSEÑANZAS REG;28700519;TÉCNICO SUPERIOR EN ADMINISTRACIÓN DE SISTEMAS INFORMÁTICOS EN RED (LFP) (A DISTANCIA) ;122420013;A2;NO;21.2;NO;NO;0371;0372;0369;0179;1709;0373;0370;1708;
11;53460348E;GSPCID24/00276;CIDEAD CENTRO INTEGRADO DE ENSEÑANZAS REG;28700519;TÉCNICO SUPERIOR EN ADMINISTRACIÓN DE SISTEMAS INFORMÁTICOS EN RED (LFP) (A DISTANCIA) ;122420013;A2;NO;20.91;NO;NO;0369;0370;
12;78489388W;GSPCID24/00461;CIDEAD CENTRO INTEGRADO DE ENSEÑANZAS REG;28700519;TÉCNICO SUPERIOR EN ADMINISTRACIÓN DE SISTEMAS INFORMÁTICOS EN RED (LFP) (A DISTANCIA) ;122420013;A2;NO;20.7;NO;NO;0371;0372;
13;05464883Z;GSPCID24/00267;CIDEAD CENTRO INTEGRADO DE ENSEÑANZAS REG;28700519;TÉCNICO SUPERIOR EN ADMINISTRACIÓN DE SISTEMAS INFORMÁTICOS EN RED (LFP) (A DISTANCIA) ;122420013;A2;NO;20.45;NO;NO;0371;0372;0369;0179;1709;0373;0370;1708;
14;54219490A;GSPCID24/00961;CIDEAD CENTRO INTEGRADO DE ENSEÑANZAS REG;28700519;TÉCNICO SUPERIOR EN ADMINISTRACIÓN DE SISTEMAS INFORMÁTICOS EN RED (LFP) (A DISTANCIA) ;122420013;A2;NO;20.2;NO;NO;0369;
15;74446168K;GSPCID24/00130;CIDEAD CENTRO INTEGRADO DE ENSEÑANZAS REG;28700519;TÉCNICO SUPERIOR EN ADMINISTRACIÓN DE SISTEMAS INFORMÁTICOS EN RED (LFP) (A DISTANCIA) ;122420013;A2;NO;20.08;NO;NO;0371;0372;0369;0179;0370;1708;
16;23838973W;GSPCID24/00867;CIDEAD CENTRO INTEGRADO DE ENSEÑANZAS REG;28700519;TÉCNICO SUPERIOR EN ADMINISTRACIÓN DE SISTEMAS INFORMÁTICOS EN RED (LFP) (A DISTANCIA) ;122420013;A2;NO;20;NO;NO;0371;0372;0369;0179;1709;0373;0370;1708;
17;X8844776B;GSPCID24/00587;CIDEAD CENTRO INTEGRADO DE ENSEÑANZAS REG;28700519;TÉCNICO SUPERIOR EN ADMINISTRACIÓN DE SISTEMAS INFORMÁTICOS EN RED (LFP) (A DISTANCIA) ;122420013;A2;NO;20;NO;NO;0371;0372;0369;0179;1709;0373;0370;1708;
18;54444941P;GSPCID24/00623;CIDEAD CENTRO INTEGRADO DE ENSEÑANZAS REG;28700519;TÉCNICO SUPERIOR EN ADMINISTRACIÓN DE SISTEMAS INFORMÁTICOS EN RED (LFP) (A DISTANCIA) ;122420013;A2;NO;20;NO;NO;0371;0372;0369;0179;1709;1708;
19;45843214M;GSPCID24/00159;CIDEAD CENTRO INTEGRADO DE ENSEÑANZAS REG;28700519;TÉCNICO SUPERIOR EN ADMINISTRACIÓN DE SISTEMAS INFORMÁTICOS EN RED (LFP) (A DISTANCIA) ;122420013;A2;NO;19.7;NO;NO;0371;0372;0369;0179;1709;0373;0370;
20;02261356L;GSPCID24/00491;CIDEAD CENTRO INTEGRADO DE ENSEÑANZAS REG;28700519;TÉCNICO SUPERIOR EN ADMINISTRACIÓN DE SISTEMAS INFORMÁTICOS EN RED (LFP) (A DISTANCIA) ;122420013;A2;NO;19;NO;NO;0369;0179;0370;1708;
21;50470034F;GSPCID24/00002;CIDEAD CENTRO INTEGRADO DE ENSEÑANZAS REG;28700519;TÉCNICO SUPERIOR EN ADMINISTRACIÓN DE SISTEMAS INFORMÁTICOS EN RED (LFP) (A DISTANCIA) ;122420013;A2;NO;17.1;NO;NO;0371;0372;0369;0179;0373;0370;
22;Y8855993H;GSPCID24/00009;CIDEAD CENTRO INTEGRADO DE ENSEÑANZAS REG;28700519;TÉCNICO SUPERIOR EN ADMINISTRACIÓN DE SISTEMAS INFORMÁTICOS EN RED (LFP) (A DISTANCIA) ;122420013;A2;NO;16.91;NO;NO;0371;0372;0369;0179;1709;0373;0370;
23;70417829V;GSPCID24/00734;CIDEAD CENTRO INTEGRADO DE ENSEÑANZAS REG;28700519;TÉCNICO SUPERIOR EN ADMINISTRACIÓN DE SISTEMAS INFORMÁTICOS EN RED (LFP) (A DISTANCIA) ;122420013;A2;NO;16;NO;NO;0371;0372;0369;0179;1709;0373;0370;1708;
24;47490787L;GSPCID24/00529;CIDEAD CENTRO INTEGRADO DE ENSEÑANZAS REG;28700519;TÉCNICO SUPERIOR EN ADMINISTRACIÓN DE SISTEMAS INFORMÁTICOS EN RED (LFP) (A DISTANCIA) ;122420013;A2;NO;14.45;NO;NO;0371;0372;0369;0179;1709;0373;0370;1708;
25;21071701K;GSPCID24/00355;CIDEAD CENTRO INTEGRADO DE ENSEÑANZAS REG;28700519;TÉCNICO SUPERIOR EN ADMINISTRACIÓN DE SISTEMAS INFORMÁTICOS EN RED (LFP) (A DISTANCIA) ;122420013;A2;NO;14.18;NO;NO;0371;0372;0369;0179;1709;0373;0370;1708;
26;26027213E;GSPCID24/00022;CIDEAD CENTRO INTEGRADO DE ENSEÑANZAS REG;28700519;TÉCNICO SUPERIOR EN ADMINISTRACIÓN DE SISTEMAS INFORMÁTICOS EN RED (LFP) (A DISTANCIA) ;122420013;A2;NO;13;NO;NO;0371;0372;0369;1709;0373;0370;1708;
27;03201210R;GSPCID24/00792;CIDEAD CENTRO INTEGRADO DE ENSEÑANZAS REG;28700519;TÉCNICO SUPERIOR EN ADMINISTRACIÓN DE SISTEMAS INFORMÁTICOS EN RED (LFP) (A DISTANCIA) ;122420013;A2;NO;13;NO;NO;0371;0372;0369;0179;1709;0373;0370;1708;
1;28639182L;GSPCID24/00610;CIDEAD CENTRO INTEGRADO DE ENSEÑANZAS REG;28700519;TÉCNICO SUPERIOR EN ADMINISTRACIÓN DE SISTEMAS INFORMÁTICOS EN RED (LFP) (A DISTANCIA) ;122420013;B;NO;21.33;NO;NO;0371;0372;0369;0179;1709;0373;0370;1708;
2;26814293L;GSPCID24/00484;CIDEAD CENTRO INTEGRADO DE ENSEÑANZAS REG;28700519;TÉCNICO SUPERIOR EN ADMINISTRACIÓN DE SISTEMAS INFORMÁTICOS EN RED (LFP) (A DISTANCIA) ;122420013;B;NO;19.48;NO;NO;0371;0372;0369;0179;1709;0373;0370;1708;
3;01927956G;GSPCID24/00926;CIDEAD CENTRO INTEGRADO DE ENSEÑANZAS REG;28700519;TÉCNICO SUPERIOR EN ADMINISTRACIÓN DE SISTEMAS INFORMÁTICOS EN RED (LFP) (A DISTANCIA) ;122420013;B;NO;18.17;NO;NO;0371;0372;0369;0179;0373;0370;1708;
4;48830194K;GSPCID24/00782;CIDEAD CENTRO INTEGRADO DE ENSEÑANZAS REG;28700519;TÉCNICO SUPERIOR EN ADMINISTRACIÓN DE SISTEMAS INFORMÁTICOS EN RED (LFP) (A DISTANCIA) ;122420013;B;NO;17.98;NO;NO;0371;0372;0369;0179;1709;0373;0370;1708;
5;79056668X;GSPCID24/00035;CIDEAD CENTRO INTEGRADO DE ENSEÑANZAS REG;28700519;TÉCNICO SUPERIOR EN ADMINISTRACIÓN DE SISTEMAS INFORMÁTICOS EN RED (LFP) (A DISTANCIA) ;122420013;B;NO;17.64;NO;NO;0371;0372;0369;0179;1709;0373;0370;1708;
6;28830597M;GSPCID24/00906;CIDEAD CENTRO INTEGRADO DE ENSEÑANZAS REG;28700519;TÉCNICO SUPERIOR EN ADMINISTRACIÓN DE SISTEMAS INFORMÁTICOS EN RED (LFP) (A DISTANCIA) ;122420013;B;NO;17.52;NO;NO;0371;0369;0179;1709;0373;0370;
7;23060819F;GSPCID24/00098;CIDEAD CENTRO INTEGRADO DE ENSEÑANZAS REG;28700519;TÉCNICO SUPERIOR EN ADMINISTRACIÓN DE SISTEMAS INFORMÁTICOS EN RED (LFP) (A DISTANCIA) ;122420013;B;NO;17.25;NO;NO;0371;0372;0369;0179;1709;0373;0370;
8;37389532L;GSPCID24/00607;CIDEAD CENTRO INTEGRADO DE ENSEÑANZAS REG;28700519;TÉCNICO SUPERIOR EN ADMINISTRACIÓN DE SISTEMAS INFORMÁTICOS EN RED (LFP) (A DISTANCIA) ;122420013;B;NO;16.92;NO;NO;0371;0372;0369;1709;0373;0370;1708;
9;30521764M;GSPCID24/00047;CIDEAD CENTRO INTEGRADO DE ENSEÑANZAS REG;28700519;TÉCNICO SUPERIOR EN ADMINISTRACIÓN DE SISTEMAS INFORMÁTICOS EN RED (LFP) (A DISTANCIA) ;122420013;B;NO;16.84;NO;NO;0371;0370;
10;21793248N;GSPCID24/00229;CIDEAD CENTRO INTEGRADO DE ENSEÑANZAS REG;28700519;TÉCNICO SUPERIOR EN ADMINISTRACIÓN DE SISTEMAS INFORMÁTICOS EN RED (LFP) (A DISTANCIA) ;122420013;B;NO;16.8;NO;NO;0371;0372;0369;1709;0373;0370;1708;
11;44786857S;GSPCID24/00615;CIDEAD CENTRO INTEGRADO DE ENSEÑANZAS REG;28700519;TÉCNICO SUPERIOR EN ADMINISTRACIÓN DE SISTEMAS INFORMÁTICOS EN RED (LFP) (A DISTANCIA) ;122420013;B;NO;16.76;NO;NO;0371;0179;1709;1708;
12;47209332S;GSPCID24/00936;CIDEAD CENTRO INTEGRADO DE ENSEÑANZAS REG;28700519;TÉCNICO SUPERIOR EN ADMINISTRACIÓN DE SISTEMAS INFORMÁTICOS EN RED (LFP) (A DISTANCIA) ;122420013;B;NO;16.69;NO;NO;0371;0372;0369;0179;1709;0373;0370;1708;
13;20087764R;GSPCID24/00173;CIDEAD CENTRO INTEGRADO DE ENSEÑANZAS REG;28700519;TÉCNICO SUPERIOR EN ADMINISTRACIÓN DE SISTEMAS INFORMÁTICOS EN RED (LFP) (A DISTANCIA) ;122420013;B;NO;16.24;NO;NO;0371;0372;0369;0179;1709;0373;0370;
14;45602157B;GSPCID24/00411;CIDEAD CENTRO INTEGRADO DE ENSEÑANZAS REG;28700519;TÉCNICO SUPERIOR EN ADMINISTRACIÓN DE SISTEMAS INFORMÁTICOS EN RED (LFP) (A DISTANCIA) ;122420013;B;NO;16.09;NO;NO;0371;0179;0373;
15;75944244S;GSPCID24/00626;CIDEAD CENTRO INTEGRADO DE ENSEÑANZAS REG;28700519;TÉCNICO SUPERIOR EN ADMINISTRACIÓN DE SISTEMAS INFORMÁTICOS EN RED (LFP) (A DISTANCIA) ;122420013;B;NO;16;NO;NO;0371;0372;0369;0179;1709;0373;0370;1708;
16;46918086H;GSPCID24/00787;CIDEAD CENTRO INTEGRADO DE ENSEÑANZAS REG;28700519;TÉCNICO SUPERIOR EN ADMINISTRACIÓN DE SISTEMAS INFORMÁTICOS EN RED (LFP) (A DISTANCIA) ;122420013;B;NO;15.77;NO;NO;0371;0372;0369;0179;1709;0373;0370;1708;
17;72973828A;GSPCID24/00192;CIDEAD CENTRO INTEGRADO DE ENSEÑANZAS REG;28700519;TÉCNICO SUPERIOR EN ADMINISTRACIÓN DE SISTEMAS INFORMÁTICOS EN RED (LFP) (A DISTANCIA) ;122420013;B;NO;15.75;NO;NO;0371;0372;0369;0179;1709;0373;0370;1708;
18;45960183L;GSPCID24/00896;CIDEAD CENTRO INTEGRADO DE ENSEÑANZAS REG;28700519;TÉCNICO SUPERIOR EN ADMINISTRACIÓN DE SISTEMAS INFORMÁTICOS EN RED (LFP) (A DISTANCIA) ;122420013;B;NO;15.56;NO;NO;0371;0372;0369;0179;1709;0373;0370;1708;
19;47471395Q;GSPCID24/00508;CIDEAD CENTRO INTEGRADO DE ENSEÑANZAS REG;28700519;TÉCNICO SUPERIOR EN ADMINISTRACIÓN DE SISTEMAS INFORMÁTICOS EN RED (LFP) (A DISTANCIA) ;122420013;B;NO;15.28;NO;NO;0371;0372;0369;0373;0370;
20;53343234R;GSPCID24/00460;CIDEAD CENTRO INTEGRADO DE ENSEÑANZAS REG;28700519;TÉCNICO SUPERIOR EN ADMINISTRACIÓN DE SISTEMAS INFORMÁTICOS EN RED (LFP) (A DISTANCIA) ;122420013;B;NO;15.15;NO;NO;0371;0372;0369;0179;1709;0373;0370;1708;
21;28843214H;GSPCID24/00985;CIDEAD CENTRO INTEGRADO DE ENSEÑANZAS REG;28700519;TÉCNICO SUPERIOR EN ADMINISTRACIÓN DE SISTEMAS INFORMÁTICOS EN RED (LFP) (A DISTANCIA) ;122420013;B;NO;15.01;NO;NO;0371;0372;0369;0179;1709;0373;0370;1708;
22;71881411V;GSPCID24/00983;CIDEAD CENTRO INTEGRADO DE ENSEÑANZAS REG;28700519;TÉCNICO SUPERIOR EN ADMINISTRACIÓN DE SISTEMAS INFORMÁTICOS EN RED (LFP) (A DISTANCIA) ;122420013;B;NO;15;NO;NO;0371;0372;0369;0179;1709;0373;0370;1708;
23;06342079J;GSPCID24/00401;CIDEAD CENTRO INTEGRADO DE ENSEÑANZAS REG;28700519;TÉCNICO SUPERIOR EN ADMINISTRACIÓN DE SISTEMAS INFORMÁTICOS EN RED (LFP) (A DISTANCIA) ;122420013;B;NO;15;NO;NO;0369;0179;0373;
24;52585845W;GSPCID24/00481;CIDEAD CENTRO INTEGRADO DE ENSEÑANZAS REG;28700519;TÉCNICO SUPERIOR EN ADMINISTRACIÓN DE SISTEMAS INFORMÁTICOS EN RED (LFP) (A DISTANCIA) ;122420013;B;NO;15;NO;NO;0371;0372;0179;1709;
25;03181560Q;GSPCID24/00342;CIDEAD CENTRO INTEGRADO DE ENSEÑANZAS REG;28700519;TÉCNICO SUPERIOR EN ADMINISTRACIÓN DE SISTEMAS INFORMÁTICOS EN RED (LFP) (A DISTANCIA) ;122420013;B;NO;15;NO;NO;0371;0372;0369;1709;0373;0370;1708;
26;06275355N;GSPCID24/00971;CIDEAD CENTRO INTEGRADO DE ENSEÑANZAS REG;28700519;TÉCNICO SUPERIOR EN ADMINISTRACIÓN DE SISTEMAS INFORMÁTICOS EN RED (LFP) (A DISTANCIA) ;122420013;B;NO;15;NO;NO;0372;1708;
27;79074297K;GSPCID24/00092;CIDEAD CENTRO INTEGRADO DE ENSEÑANZAS REG;28700519;TÉCNICO SUPERIOR EN ADMINISTRACIÓN DE SISTEMAS INFORMÁTICOS EN RED (LFP) (A DISTANCIA) ;122420013;B;NO;14.38;NO;NO;0371;0372;0369;0373;0370;
28;71168202S;GSPCID24/00831;CIDEAD CENTRO INTEGRADO DE ENSEÑANZAS REG;28700519;TÉCNICO SUPERIOR EN ADMINISTRACIÓN DE SISTEMAS INFORMÁTICOS EN RED (LFP) (A DISTANCIA) ;122420013;B;NO;12.83;NO;NO;0371;0372;0369;0179;1709;0373;0370;1708;
29;71724155N;GSPCID24/00561;CIDEAD CENTRO INTEGRADO DE ENSEÑANZAS REG;28700519;TÉCNICO SUPERIOR EN ADMINISTRACIÓN DE SISTEMAS INFORMÁTICOS EN RED (LFP) (A DISTANCIA) ;122420013;B;NO;11.62;NO;NO;0371;0372;0369;0179;1709;0373;0370;1708;
30;Y0919216N;GSPCID24/00497;CIDEAD CENTRO INTEGRADO DE ENSEÑANZAS REG;28700519;TÉCNICO SUPERIOR EN ADMINISTRACIÓN DE SISTEMAS INFORMÁTICOS EN RED (LFP) (A DISTANCIA) ;122420013;B;NO;11.09;NO;NO;0371;0372;0369;0179;1709;0373;0370;1708;
31;50838123G;GSPCID24/00256;CIDEAD CENTRO INTEGRADO DE ENSEÑANZAS REG;28700519;TÉCNICO SUPERIOR EN ADMINISTRACIÓN DE SISTEMAS INFORMÁTICOS EN RED (LFP) (A DISTANCIA) ;122420013;B;NO;10.98;NO;NO;0371;0372;0369;0179;1709;0373;0370;1708;
32;35323063P;GSPCID24/00870;CIDEAD CENTRO INTEGRADO DE ENSEÑANZAS REG;28700519;TÉCNICO SUPERIOR EN ADMINISTRACIÓN DE SISTEMAS INFORMÁTICOS EN RED (LFP) (A DISTANCIA) ;122420013;B;NO;10.8;NO;NO;0371;0372;0369;0179;1709;0373;0370;1708;
33;75721773T;GSPCID24/00888;CIDEAD CENTRO INTEGRADO DE ENSEÑANZAS REG;28700519;TÉCNICO SUPERIOR EN ADMINISTRACIÓN DE SISTEMAS INFORMÁTICOS EN RED (LFP) (A DISTANCIA) ;122420013;B;NO;10.75;NO;NO;0371;0372;0369;0179;1709;0373;0370;1708;
34;35601492E;GSPCID24/00357;CIDEAD CENTRO INTEGRADO DE ENSEÑANZAS REG;28700519;TÉCNICO SUPERIOR EN ADMINISTRACIÓN DE SISTEMAS INFORMÁTICOS EN RED (LFP) (A DISTANCIA) ;122420013;B;NO;10.72;NO;NO;0371;0372;0369;0179;1709;0373;0370;1708;
35;45574898F;GSPCID24/00574;CIDEAD CENTRO INTEGRADO DE ENSEÑANZAS REG;28700519;TÉCNICO SUPERIOR EN ADMINISTRACIÓN DE SISTEMAS INFORMÁTICOS EN RED (LFP) (A DISTANCIA) ;122420013;B;NO;10.57;NO;NO;0371;0372;0369;0179;1709;0373;0370;1708;
36;04594144D;GSPCID24/00512;CIDEAD CENTRO INTEGRADO DE ENSEÑANZAS REG;28700519;TÉCNICO SUPERIOR EN ADMINISTRACIÓN DE SISTEMAS INFORMÁTICOS EN RED (LFP) (A DISTANCIA) ;122420013;B;NO;9.7;NO;NO;0371;0370;
37;48923435C;GSPCID24/00051;CIDEAD CENTRO INTEGRADO DE ENSEÑANZAS REG;28700519;TÉCNICO SUPERIOR EN ADMINISTRACIÓN DE SISTEMAS INFORMÁTICOS EN RED (LFP) (A DISTANCIA) ;122420013;B;NO;9.04;NO;NO;0372;0179;
38;48971925A;GSPCID24/00520;CIDEAD CENTRO INTEGRADO DE ENSEÑANZAS REG;28700519;TÉCNICO SUPERIOR EN ADMINISTRACIÓN DE SISTEMAS INFORMÁTICOS EN RED (LFP) (A DISTANCIA) ;122420013;B;NO;9;NO;NO;0371;0372;0369;0179;1709;0373;0370;1708;
1;47210459S;GSPCID24/00941;CIDEAD CENTRO INTEGRADO DE ENSEÑANZAS REG;28700519;TÉCNICO SUPERIOR EN ADMINISTRACIÓN DE SISTEMAS INFORMÁTICOS EN RED (LFP) (A DISTANCIA) ;122420013;C;NO;18.92;NO;NO;0371;0372;0369;0179;1709;0373;0370;1708;
2;75767773T;GSPCID24/00437;CIDEAD CENTRO INTEGRADO DE ENSEÑANZAS REG;28700519;TÉCNICO SUPERIOR EN ADMINISTRACIÓN DE SISTEMAS INFORMÁTICOS EN RED (LFP) (A DISTANCIA) ;122420013;C;NO;18.83;NO;NO;0371;0372;0369;
3;53242224F;GSPCID24/00067;CIDEAD CENTRO INTEGRADO DE ENSEÑANZAS REG;28700519;TÉCNICO SUPERIOR EN ADMINISTRACIÓN DE SISTEMAS INFORMÁTICOS EN RED (LFP) (A DISTANCIA) ;122420013;C;NO;18.3;NO;NO;0371;0372;0369;0373;
4;71457281F;GSPCID24/00385;CIDEAD CENTRO INTEGRADO DE ENSEÑANZAS REG;28700519;TÉCNICO SUPERIOR EN ADMINISTRACIÓN DE SISTEMAS INFORMÁTICOS EN RED (LFP) (A DISTANCIA) ;122420013;C;NO;18.17;NO;NO;0371;0179;1709;1708;
5;28816378T;GSPCID24/00692;CIDEAD CENTRO INTEGRADO DE ENSEÑANZAS REG;28700519;TÉCNICO SUPERIOR EN ADMINISTRACIÓN DE SISTEMAS INFORMÁTICOS EN RED (LFP) (A DISTANCIA) ;122420013;C;NO;18.09;NO;NO;0371;0372;0369;0179;1709;0373;0370;1708;
6;78534053R;GSPCID24/00837;CIDEAD CENTRO INTEGRADO DE ENSEÑANZAS REG;28700519;TÉCNICO SUPERIOR EN ADMINISTRACIÓN DE SISTEMAS INFORMÁTICOS EN RED (LFP) (A DISTANCIA) ;122420013;C;NO;17.84;NO;NO;0371;0369;1709;0370;1708;
7;52693677X;GSPCID24/00687;CIDEAD CENTRO INTEGRADO DE ENSEÑANZAS REG;28700519;TÉCNICO SUPERIOR EN ADMINISTRACIÓN DE SISTEMAS INFORMÁTICOS EN RED (LFP) (A DISTANCIA) ;122420013;C;NO;17.55;NO;NO;0371;0372;0369;0179;1709;0373;0370;1708;
8;44739558G;GSPCID24/00712;CIDEAD CENTRO INTEGRADO DE ENSEÑANZAS REG;28700519;TÉCNICO SUPERIOR EN ADMINISTRACIÓN DE SISTEMAS INFORMÁTICOS EN RED (LFP) (A DISTANCIA) ;122420013;C;NO;17.46;NO;NO;0371;0372;0369;0179;1709;0373;0370;1708;
9;45829278F;GSPCID24/00835;CIDEAD CENTRO INTEGRADO DE ENSEÑANZAS REG;28700519;TÉCNICO SUPERIOR EN ADMINISTRACIÓN DE SISTEMAS INFORMÁTICOS EN RED (LFP) (A DISTANCIA) ;122420013;C;NO;17;NO;NO;0371;0372;0369;0179;1709;0373;0370;1708;
10;51943151C;GSPCID24/00661;CIDEAD CENTRO INTEGRADO DE ENSEÑANZAS REG;28700519;TÉCNICO SUPERIOR EN ADMINISTRACIÓN DE SISTEMAS INFORMÁTICOS EN RED (LFP) (A DISTANCIA) ;122420013;C;NO;16.8;NO;NO;0371;0369;0179;1709;
11;70885944J;GSPCID24/00361;CIDEAD CENTRO INTEGRADO DE ENSEÑANZAS REG;28700519;TÉCNICO SUPERIOR EN ADMINISTRACIÓN DE SISTEMAS INFORMÁTICOS EN RED (LFP) (A DISTANCIA) ;122420013;C;NO;16.75;NO;NO;0371;0372;0369;0179;1709;0373;0370;1708;
12;75964161Z;GSPCID24/00300;CIDEAD CENTRO INTEGRADO DE ENSEÑANZAS REG;28700519;TÉCNICO SUPERIOR EN ADMINISTRACIÓN DE SISTEMAS INFORMÁTICOS EN RED (LFP) (A DISTANCIA) ;122420013;C;NO;16.75;NO;NO;0371;0372;0369;0179;1709;0373;0370;1708;
13;26236509H;GSPCID24/00536;CIDEAD CENTRO INTEGRADO DE ENSEÑANZAS REG;28700519;TÉCNICO SUPERIOR EN ADMINISTRACIÓN DE SISTEMAS INFORMÁTICOS EN RED (LFP) (A DISTANCIA) ;122420013;C;NO;16.5;NO;NO;0371;0372;0369;0179;1709;0373;0370;1708;
14;15507193H;GSPCID24/00543;CIDEAD CENTRO INTEGRADO DE ENSEÑANZAS REG;28700519;TÉCNICO SUPERIOR EN ADMINISTRACIÓN DE SISTEMAS INFORMÁTICOS EN RED (LFP) (A DISTANCIA) ;122420013;C;NO;16.18;NO;NO;0371;0372;0369;0179;1709;0373;0370;1708;
15;45762554Y;GSPCID24/00463;CIDEAD CENTRO INTEGRADO DE ENSEÑANZAS REG;28700519;TÉCNICO SUPERIOR EN ADMINISTRACIÓN DE SISTEMAS INFORMÁTICOS EN RED (LFP) (A DISTANCIA) ;122420013;C;NO;16.14;NO;NO;0371;0372;0369;0179;1709;0373;0370;1708;
16;Y5812834N;GSPCID24/00200;CIDEAD CENTRO INTEGRADO DE ENSEÑANZAS REG;28700519;TÉCNICO SUPERIOR EN ADMINISTRACIÓN DE SISTEMAS INFORMÁTICOS EN RED (LFP) (A DISTANCIA) ;122420013;C;NO;16;NO;NO;0371;0372;0369;0179;1709;0373;0370;1708;
17;54730556D;GSPCID24/00338;CIDEAD CENTRO INTEGRADO DE ENSEÑANZAS REG;28700519;TÉCNICO SUPERIOR EN ADMINISTRACIÓN DE SISTEMAS INFORMÁTICOS EN RED (LFP) (A DISTANCIA) ;122420013;C;NO;16;NO;NO;0371;0372;0369;0179;1709;0373;0370;1708;
18;03913839K;GSPCID24/00246;CIDEAD CENTRO INTEGRADO DE ENSEÑANZAS REG;28700519;TÉCNICO SUPERIOR EN ADMINISTRACIÓN DE SISTEMAS INFORMÁTICOS EN RED (LFP) (A DISTANCIA) ;122420013;C;NO;16;NO;NO;0371;0372;0369;0373;0370;
19;28842672M;GSPCID24/00387;CIDEAD CENTRO INTEGRADO DE ENSEÑANZAS REG;28700519;TÉCNICO SUPERIOR EN ADMINISTRACIÓN DE SISTEMAS INFORMÁTICOS EN RED (LFP) (A DISTANCIA) ;122420013;C;NO;15.5;NO;NO;0371;0372;0369;1709;0373;0370;1708;
20;45099724J;GSPCID24/00580;CIDEAD CENTRO INTEGRADO DE ENSEÑANZAS REG;28700519;TÉCNICO SUPERIOR EN ADMINISTRACIÓN DE SISTEMAS INFORMÁTICOS EN RED (LFP) (A DISTANCIA) ;122420013;C;NO;15.5;NO;NO;0371;0372;0369;0179;1709;0373;0370;1708;
21;20835170E;GSPCID24/00278;CIDEAD CENTRO INTEGRADO DE ENSEÑANZAS REG;28700519;TÉCNICO SUPERIOR EN ADMINISTRACIÓN DE SISTEMAS INFORMÁTICOS EN RED (LFP) (A DISTANCIA) ;122420013;C;NO;15.27;NO;NO;0179;1709;1708;
22;47309192D;GSPCID24/00175;CIDEAD CENTRO INTEGRADO DE ENSEÑANZAS REG;28700519;TÉCNICO SUPERIOR EN ADMINISTRACIÓN DE SISTEMAS INFORMÁTICOS EN RED (LFP) (A DISTANCIA) ;122420013;C;NO;15;NO;NO;0371;0372;0369;0179;0373;0370;1708;
23;52677553D;GSPCID24/00020;CIDEAD CENTRO INTEGRADO DE ENSEÑANZAS REG;28700519;TÉCNICO SUPERIOR EN ADMINISTRACIÓN DE SISTEMAS INFORMÁTICOS EN RED (LFP) (A DISTANCIA) ;122420013;C;NO;15;NO;NO;0372;
24;12775684N;GSPCID24/00317;CIDEAD CENTRO INTEGRADO DE ENSEÑANZAS REG;28700519;TÉCNICO SUPERIOR EN ADMINISTRACIÓN DE SISTEMAS INFORMÁTICOS EN RED (LFP) (A DISTANCIA) ;122420013;C;NO;15;NO;NO;0371;0372;0369;0179;1709;0373;0370;
25;25684788K;GSPCID24/00027;CIDEAD CENTRO INTEGRADO DE ENSEÑANZAS REG;28700519;TÉCNICO SUPERIOR EN ADMINISTRACIÓN DE SISTEMAS INFORMÁTICOS EN RED (LFP) (A DISTANCIA) ;122420013;C;NO;15;NO;NO;0371;0372;0369;0179;1709;0373;0370;
26;70910916F;GSPCID24/00452;CIDEAD CENTRO INTEGRADO DE ENSEÑANZAS REG;28700519;TÉCNICO SUPERIOR EN ADMINISTRACIÓN DE SISTEMAS INFORMÁTICOS EN RED (LFP) (A DISTANCIA) ;122420013;C;NO;14.33;NO;NO;0371;0372;0369;0179;1709;0373;0370;1708;
27;20842749B;GSPCID24/00179;CIDEAD CENTRO INTEGRADO DE ENSEÑANZAS REG;28700519;TÉCNICO SUPERIOR EN ADMINISTRACIÓN DE SISTEMAS INFORMÁTICOS EN RED (LFP) (A DISTANCIA) ;122420013;C;NO;13.07;NO;NO;0371;0372;0369;0179;1709;0373;0370;1708;
28;47301220H;GSPCID24/00913;CIDEAD CENTRO INTEGRADO DE ENSEÑANZAS REG;28700519;TÉCNICO SUPERIOR EN ADMINISTRACIÓN DE SISTEMAS INFORMÁTICOS EN RED (LFP) (A DISTANCIA) ;122420013;C;NO;13;NO;NO;0371;
29;48964191C;GSPCID24/00980;CIDEAD CENTRO INTEGRADO DE ENSEÑANZAS REG;28700519;TÉCNICO SUPERIOR EN ADMINISTRACIÓN DE SISTEMAS INFORMÁTICOS EN RED (LFP) (A DISTANCIA) ;122420013;C;NO;12.92;NO;NO;0371;0372;0369;0179;1709;0373;0370;1708;
30;80146476D;GSPCID24/00224;CIDEAD CENTRO INTEGRADO DE ENSEÑANZAS REG;28700519;TÉCNICO SUPERIOR EN ADMINISTRACIÓN DE SISTEMAS INFORMÁTICOS EN RED (LFP) (A DISTANCIA) ;122420013;C;NO;12.5;NO;NO;0371;0372;0369;0179;1709;0373;0370;
31;71905320Y;GSPCID24/00064;CIDEAD CENTRO INTEGRADO DE ENSEÑANZAS REG;28700519;TÉCNICO SUPERIOR EN ADMINISTRACIÓN DE SISTEMAS INFORMÁTICOS EN RED (LFP) (A DISTANCIA) ;122420013;C;NO;12.43;NO;NO;0371;0372;0369;0179;1709;0373;0370;1708;
32;41574750L;GSPCID24/00845;CIDEAD CENTRO INTEGRADO DE ENSEÑANZAS REG;28700519;TÉCNICO SUPERIOR EN ADMINISTRACIÓN DE SISTEMAS INFORMÁTICOS EN RED (LFP) (A DISTANCIA) ;122420013;C;NO;11.79;NO;NO;0371;0372;0369;0179;1709;0373;0370;1708;
33;06591589L;GSPCID24/00727;CIDEAD CENTRO INTEGRADO DE ENSEÑANZAS REG;28700519;TÉCNICO SUPERIOR EN ADMINISTRACIÓN DE SISTEMAS INFORMÁTICOS EN RED (LFP) (A DISTANCIA) ;122420013;C;NO;11.54;NO;NO;0371;0372;0369;0179;1709;0373;0370;1708;
34;45548025K;GSPCID24/00689;CIDEAD CENTRO INTEGRADO DE ENSEÑANZAS REG;28700519;TÉCNICO SUPERIOR EN ADMINISTRACIÓN DE SISTEMAS INFORMÁTICOS EN RED (LFP) (A DISTANCIA) ;122420013;C;NO;11.36;NO;NO;0371;0372;0369;0179;1709;0373;0370;1708;
35;X7403365X;GSPCID24/00791;CIDEAD CENTRO INTEGRADO DE ENSEÑANZAS REG;28700519;TÉCNICO SUPERIOR EN ADMINISTRACIÓN DE SISTEMAS INFORMÁTICOS EN RED (LFP) (A DISTANCIA) ;122420013;C;NO;11.13;NO;NO;0372;
36;32058722B;GSPCID24/00809;CIDEAD CENTRO INTEGRADO DE ENSEÑANZAS REG;28700519;TÉCNICO SUPERIOR EN ADMINISTRACIÓN DE SISTEMAS INFORMÁTICOS EN RED (LFP) (A DISTANCIA) ;122420013;C;NO;10.31;NO;NO;0371;0372;0369;0179;1709;0373;0370;1708;
37;23939580F;GSPCID24/00924;CIDEAD CENTRO INTEGRADO DE ENSEÑANZAS REG;28700519;TÉCNICO SUPERIOR EN ADMINISTRACIÓN DE SISTEMAS INFORMÁTICOS EN RED (LFP) (A DISTANCIA) ;122420013;C;NO;9.9;NO;NO;0372;
38;71876556S;GSPCID24/00427;CIDEAD CENTRO INTEGRADO DE ENSEÑANZAS REG;28700519;TÉCNICO SUPERIOR EN ADMINISTRACIÓN DE SISTEMAS INFORMÁTICOS EN RED (LFP) (A DISTANCIA) ;122420013;C;NO;9.82;NO;NO;0371;0372;0369;0179;0373;0370;
39;72898043A;GSPCID24/00757;CIDEAD CENTRO INTEGRADO DE ENSEÑANZAS REG;28700519;TÉCNICO SUPERIOR EN ADMINISTRACIÓN DE SISTEMAS INFORMÁTICOS EN RED (LFP) (A DISTANCIA) ;122420013;C;NO;9.8;NO;NO;0371;0372;0369;0179;1709;0373;0370;1708;
40;23939581P;GSPCID24/00911;CIDEAD CENTRO INTEGRADO DE ENSEÑANZAS REG;28700519;TÉCNICO SUPERIOR EN ADMINISTRACIÓN DE SISTEMAS INFORMÁTICOS EN RED (LFP) (A DISTANCIA) ;122420013;C;NO;9.7;NO;NO;0372;
41;12429689Y;GSPCID24/00255;CIDEAD CENTRO INTEGRADO DE ENSEÑANZAS REG;28700519;TÉCNICO SUPERIOR EN ADMINISTRACIÓN DE SISTEMAS INFORMÁTICOS EN RED (LFP) (A DISTANCIA) ;122420013;C;NO;9.67;NO;NO;0371;0372;0369;0179;1709;0373;0370;1708;
42;03900844K;GSPCID24/00373;CIDEAD CENTRO INTEGRADO DE ENSEÑANZAS REG;28700519;TÉCNICO SUPERIOR EN ADMINISTRACIÓN DE SISTEMAS INFORMÁTICOS EN RED (LFP) (A DISTANCIA) ;122420013;C;NO;9.5;NO;NO;0371;0372;0369;0179;1709;0373;0370;1708;
1;52318262R;GSPCID24/00500;CIDEAD CENTRO INTEGRADO DE ENSEÑANZAS REG;28700519;TÉCNICO SUPERIOR EN ADMINISTRACIÓN DE SISTEMAS INFORMÁTICOS EN RED (LFP) (A DISTANCIA) ;122420013;D;NO;16;NO;NO;0371;0372;0369;0179;1709;0373;0370;1708;
2;04184015Q;GSPCID24/00434;CIDEAD CENTRO INTEGRADO DE ENSEÑANZAS REG;28700519;TÉCNICO SUPERIOR EN ADMINISTRACIÓN DE SISTEMAS INFORMÁTICOS EN RED (LFP) (A DISTANCIA) ;122420013;D;NO;15;NO;NO;0371;0372;0369;0370;
1;49687253P;GSPCID24/00566;CIDEAD CENTRO INTEGRADO DE ENSEÑANZAS REG;28700519;TÉCNICO SUPERIOR EN DESARROLLO DE APLICACIONES MULTIPLATAFORMA (LFP) (A DISTANCIA) ;122420023;A1;NO;20;SI;NO;0484;0487;0485;0483;
2;71668054P;GSPCID24/00214;CIDEAD CENTRO INTEGRADO DE ENSEÑANZAS REG;28700519;TÉCNICO SUPERIOR EN DESARROLLO DE APLICACIONES MULTIPLATAFORMA (LFP) (A DISTANCIA) ;122420023;C;NO;18.86;SI;NO;0484;0487;0179;1709;0373;0485;0483;
3;Y5559340R;GSPCID24/00482;CIDEAD CENTRO INTEGRADO DE ENSEÑANZAS REG;28700519;TÉCNICO SUPERIOR EN DESARROLLO DE APLICACIONES MULTIPLATAFORMA (LFP) (A DISTANCIA) ;122420023;A1;NO;14.43;SI;NO;0484;0487;0179;1709;0373;0485;0483;1708;
4;52860991E;GSPCID24/00257;CIDEAD CENTRO INTEGRADO DE ENSEÑANZAS REG;28700519;TÉCNICO SUPERIOR EN DESARROLLO DE APLICACIONES MULTIPLATAFORMA (LFP) (A DISTANCIA) ;122420023;C;NO;10;SI;NO;0484;0487;0179;1709;0373;0485;0483;1708;
5;46915463V;GSPCID24/00316;CIDEAD CENTRO INTEGRADO DE ENSEÑANZAS REG;28700519;TÉCNICO SUPERIOR EN DESARROLLO DE APLICACIONES MULTIPLATAFORMA (LFP) (A DISTANCIA) ;122420023;C;NO;9;SI;NO;0484;0487;0179;1709;0373;0485;0483;1708;
1;Y5234054G;GSPCID24/00708;CIDEAD CENTRO INTEGRADO DE ENSEÑANZAS REG;28700519;TÉCNICO SUPERIOR EN DESARROLLO DE APLICACIONES MULTIPLATAFORMA (LFP) (A DISTANCIA) ;122420023;A1;NO;24;NO;NO;0484;0487;0179;1709;0373;0485;0483;1708;
2;16656525V;GSPCID24/00011;CIDEAD CENTRO INTEGRADO DE ENSEÑANZAS REG;28700519;TÉCNICO SUPERIOR EN DESARROLLO DE APLICACIONES MULTIPLATAFORMA (LFP) (A DISTANCIA) ;122420023;A1;NO;23.85;NO;NO;0484;0487;0179;1709;0373;0485;0483;1708;
3;20886571H;GSPCID24/00106;CIDEAD CENTRO INTEGRADO DE ENSEÑANZAS REG;28700519;TÉCNICO SUPERIOR EN DESARROLLO DE APLICACIONES MULTIPLATAFORMA (LFP) (A DISTANCIA) ;122420023;A1;NO;23.38;NO;NO;0484;0487;0179;1709;0373;0485;0483;1708;
4;76668119B;GSPCID24/00040;CIDEAD CENTRO INTEGRADO DE ENSEÑANZAS REG;28700519;TÉCNICO SUPERIOR EN DESARROLLO DE APLICACIONES MULTIPLATAFORMA (LFP) (A DISTANCIA) ;122420023;A1;NO;22.6;NO;NO;0484;0487;0179;1709;0373;0485;0483;1708;
5;Y9313298Z;GSPCID24/00366;CIDEAD CENTRO INTEGRADO DE ENSEÑANZAS REG;28700519;TÉCNICO SUPERIOR EN DESARROLLO DE APLICACIONES MULTIPLATAFORMA (LFP) (A DISTANCIA) ;122420023;A1;NO;22.33;NO;NO;0484;0487;0179;1709;0373;0485;0483;1708;
6;17480777H;GSPCID24/00413;CIDEAD CENTRO INTEGRADO DE ENSEÑANZAS REG;28700519;TÉCNICO SUPERIOR EN DESARROLLO DE APLICACIONES MULTIPLATAFORMA (LFP) (A DISTANCIA) ;122420023;A1;NO;22.1;NO;NO;0484;0487;0373;0485;0483;
7;Y6839480F;GSPCID24/00840;CIDEAD CENTRO INTEGRADO DE ENSEÑANZAS REG;28700519;TÉCNICO SUPERIOR EN DESARROLLO DE APLICACIONES MULTIPLATAFORMA (LFP) (A DISTANCIA) ;122420023;A1;NO;21.94;NO;NO;0484;0487;0179;1709;0373;0485;0483;1708;
8;55508613E;GSPCID24/00880;CIDEAD CENTRO INTEGRADO DE ENSEÑANZAS REG;28700519;TÉCNICO SUPERIOR EN DESARROLLO DE APLICACIONES MULTIPLATAFORMA (LFP) (A DISTANCIA) ;122420023;A1;NO;21.83;NO;NO;0484;0487;0179;1709;0373;0485;0483;1708;
9;49213332W;GSPCID24/00550;CIDEAD CENTRO INTEGRADO DE ENSEÑANZAS REG;28700519;TÉCNICO SUPERIOR EN DESARROLLO DE APLICACIONES MULTIPLATAFORMA (LFP) (A DISTANCIA) ;122420023;A1;NO;21.76;NO;NO;0484;0487;0179;1709;0373;0485;0483;1708;
10;23848061M;GSPCID24/00897;CIDEAD CENTRO INTEGRADO DE ENSEÑANZAS REG;28700519;TÉCNICO SUPERIOR EN DESARROLLO DE APLICACIONES MULTIPLATAFORMA (LFP) (A DISTANCIA) ;122420023;A1;NO;21.42;NO;NO;0484;0487;0179;1709;0373;0485;0483;1708;
11;46154989S;GSPCID24/00161;CIDEAD CENTRO INTEGRADO DE ENSEÑANZAS REG;28700519;TÉCNICO SUPERIOR EN DESARROLLO DE APLICACIONES MULTIPLATAFORMA (LFP) (A DISTANCIA) ;122420023;A1;NO;21.15;NO;NO;0484;0487;0373;0485;0483;
12;28754367C;GSPCID24/00719;CIDEAD CENTRO INTEGRADO DE ENSEÑANZAS REG;28700519;TÉCNICO SUPERIOR EN DESARROLLO DE APLICACIONES MULTIPLATAFORMA (LFP) (A DISTANCIA) ;122420023;A1;NO;20.8;NO;NO;0484;0487;0179;1709;0373;0485;0483;1708;
13;11144909Y;GSPCID24/00096;CIDEAD CENTRO INTEGRADO DE ENSEÑANZAS REG;28700519;TÉCNICO SUPERIOR EN DESARROLLO DE APLICACIONES MULTIPLATAFORMA (LFP) (A DISTANCIA) ;122420023;A1;NO;20.67;NO;NO;0484;0487;0179;1709;0373;0485;0483;1708;
14;48875625G;GSPCID24/00245;CIDEAD CENTRO INTEGRADO DE ENSEÑANZAS REG;28700519;TÉCNICO SUPERIOR EN DESARROLLO DE APLICACIONES MULTIPLATAFORMA (LFP) (A DISTANCIA) ;122420023;A1;NO;20.6;NO;NO;0484;0487;0179;1709;0373;0485;0483;1708;
15;Y5332282E;GSPCID24/00060;CIDEAD CENTRO INTEGRADO DE ENSEÑANZAS REG;28700519;TÉCNICO SUPERIOR EN DESARROLLO DE APLICACIONES MULTIPLATAFORMA (LFP) (A DISTANCIA) ;122420023;A1;NO;20.52;NO;NO;0484;0487;0179;1709;0373;0485;0483;1708;
16;21152604X;GSPCID24/00221;CIDEAD CENTRO INTEGRADO DE ENSEÑANZAS REG;28700519;TÉCNICO SUPERIOR EN DESARROLLO DE APLICACIONES MULTIPLATAFORMA (LFP) (A DISTANCIA) ;122420023;A1;NO;20.33;NO;NO;0484;0487;0179;1709;0373;0485;0483;1708;
17;21066649Y;GSPCID24/00784;CIDEAD CENTRO INTEGRADO DE ENSEÑANZAS REG;28700519;TÉCNICO SUPERIOR EN DESARROLLO DE APLICACIONES MULTIPLATAFORMA (LFP) (A DISTANCIA) ;122420023;A1;NO;20.24;NO;NO;0484;0487;0179;1709;0373;0485;0483;1708;
18;03485338X;GSPCID24/00312;CIDEAD CENTRO INTEGRADO DE ENSEÑANZAS REG;28700519;TÉCNICO SUPERIOR EN DESARROLLO DE APLICACIONES MULTIPLATAFORMA (LFP) (A DISTANCIA) ;122420023;A1;NO;20.22;NO;NO;0484;0487;0179;0373;0485;0483;1708;
19;45606181X;GSPCID24/00718;CIDEAD CENTRO INTEGRADO DE ENSEÑANZAS REG;28700519;TÉCNICO SUPERIOR EN DESARROLLO DE APLICACIONES MULTIPLATAFORMA (LFP) (A DISTANCIA) ;122420023;A1;NO;20;NO;NO;0484;0487;0179;1709;0373;0485;0483;1708;
20;49046790A;GSPCID24/00878;CIDEAD CENTRO INTEGRADO DE ENSEÑANZAS REG;28700519;TÉCNICO SUPERIOR EN DESARROLLO DE APLICACIONES MULTIPLATAFORMA (LFP) (A DISTANCIA) ;122420023;A1;NO;19.89;NO;NO;0484;0179;0485;
21;52221135A;GSPCID24/00449;CIDEAD CENTRO INTEGRADO DE ENSEÑANZAS REG;28700519;TÉCNICO SUPERIOR EN DESARROLLO DE APLICACIONES MULTIPLATAFORMA (LFP) (A DISTANCIA) ;122420023;A1;NO;19.8;NO;NO;0484;0487;0179;1709;0373;0485;0483;1708;
22;60151241P;GSPCID24/00388;CIDEAD CENTRO INTEGRADO DE ENSEÑANZAS REG;28700519;TÉCNICO SUPERIOR EN DESARROLLO DE APLICACIONES MULTIPLATAFORMA (LFP) (A DISTANCIA) ;122420023;A1;NO;19.7;NO;NO;0484;0487;0179;1709;0373;0485;0483;1708;
23;71470656L;GSPCID24/00695;CIDEAD CENTRO INTEGRADO DE ENSEÑANZAS REG;28700519;TÉCNICO SUPERIOR EN DESARROLLO DE APLICACIONES MULTIPLATAFORMA (LFP) (A DISTANCIA) ;122420023;A1;NO;19.41;NO;NO;0484;0487;0179;1709;0373;0485;0483;1708;
24;71032078M;GSPCID24/00318;CIDEAD CENTRO INTEGRADO DE ENSEÑANZAS REG;28700519;TÉCNICO SUPERIOR EN DESARROLLO DE APLICACIONES MULTIPLATAFORMA (LFP) (A DISTANCIA) ;122420023;A1;NO;19.2;NO;NO;0484;0487;0179;1709;0373;0485;0483;1708;
25;76145917R;GSPCID24/00608;CIDEAD CENTRO INTEGRADO DE ENSEÑANZAS REG;28700519;TÉCNICO SUPERIOR EN DESARROLLO DE APLICACIONES MULTIPLATAFORMA (LFP) (A DISTANCIA) ;122420023;A1;NO;19;NO;NO;0484;0487;0179;1709;0373;0485;0483;1708;
26;48307962G;GSPCID24/00716;CIDEAD CENTRO INTEGRADO DE ENSEÑANZAS REG;28700519;TÉCNICO SUPERIOR EN DESARROLLO DE APLICACIONES MULTIPLATAFORMA (LFP) (A DISTANCIA) ;122420023;A1;NO;19;NO;NO;0484;0487;0179;1709;0373;0485;0483;1708;
27;32688099Q;GSPCID24/00771;CIDEAD CENTRO INTEGRADO DE ENSEÑANZAS REG;28700519;TÉCNICO SUPERIOR EN DESARROLLO DE APLICACIONES MULTIPLATAFORMA (LFP) (A DISTANCIA) ;122420023;A1;NO;19;NO;NO;0484;0483;
28;50470424Y;GSPCID24/00680;CIDEAD CENTRO INTEGRADO DE ENSEÑANZAS REG;28700519;TÉCNICO SUPERIOR EN DESARROLLO DE APLICACIONES MULTIPLATAFORMA (LFP) (A DISTANCIA) ;122420023;A1;NO;19;NO;NO;0484;0487;0179;1709;0373;0485;0483;1708;
29;Z1719404K;GSPCID24/00372;CIDEAD CENTRO INTEGRADO DE ENSEÑANZAS REG;28700519;TÉCNICO SUPERIOR EN DESARROLLO DE APLICACIONES MULTIPLATAFORMA (LFP) (A DISTANCIA) ;122420023;A1;NO;17.13;NO;NO;0484;0487;0179;1709;0373;0485;0483;1708;
30;77423845A;GSPCID24/00467;CIDEAD CENTRO INTEGRADO DE ENSEÑANZAS REG;28700519;TÉCNICO SUPERIOR EN DESARROLLO DE APLICACIONES MULTIPLATAFORMA (LFP) (A DISTANCIA) ;122420023;A1;NO;16.33;NO;NO;0484;0487;0179;1709;0373;0485;0483;1708;
31;AZ563298;GSPCID24/00679;CIDEAD CENTRO INTEGRADO DE ENSEÑANZAS REG;28700519;TÉCNICO SUPERIOR EN DESARROLLO DE APLICACIONES MULTIPLATAFORMA (LFP) (A DISTANCIA) ;122420023;A1;NO;16.25;NO;NO;0485;
32;76649492Z;GSPCID24/00037;CIDEAD CENTRO INTEGRADO DE ENSEÑANZAS REG;28700519;TÉCNICO SUPERIOR EN DESARROLLO DE APLICACIONES MULTIPLATAFORMA (LFP) (A DISTANCIA) ;122420023;A1;NO;16.2;NO;NO;0484;0487;0179;1709;0373;0485;0483;1708;
33;23844113J;GSPCID24/00631;CIDEAD CENTRO INTEGRADO DE ENSEÑANZAS REG;28700519;TÉCNICO SUPERIOR EN DESARROLLO DE APLICACIONES MULTIPLATAFORMA (LFP) (A DISTANCIA) ;122420023;A1;NO;16.04;NO;NO;0484;0487;0179;1709;0373;0485;0483;
34;54800100R;GSPCID24/00333;CIDEAD CENTRO INTEGRADO DE ENSEÑANZAS REG;28700519;TÉCNICO SUPERIOR EN DESARROLLO DE APLICACIONES MULTIPLATAFORMA (LFP) (A DISTANCIA) ;122420023;A1;NO;15.59;NO;NO;0485;
35;Y6364224T;GSPCID24/00081;CIDEAD CENTRO INTEGRADO DE ENSEÑANZAS REG;28700519;TÉCNICO SUPERIOR EN DESARROLLO DE APLICACIONES MULTIPLATAFORMA (LFP) (A DISTANCIA) ;122420023;A1;NO;15.09;NO;NO;0484;0487;0179;1709;0373;0485;0483;1708;
36;20889992N;GSPCID24/00444;CIDEAD CENTRO INTEGRADO DE ENSEÑANZAS REG;28700519;TÉCNICO SUPERIOR EN DESARROLLO DE APLICACIONES MULTIPLATAFORMA (LFP) (A DISTANCIA) ;122420023;A1;NO;15;NO;NO;0484;0487;0179;1709;0373;0485;0483;1708;
37;35734684K;GSPCID24/00877;CIDEAD CENTRO INTEGRADO DE ENSEÑANZAS REG;28700519;TÉCNICO SUPERIOR EN DESARROLLO DE APLICACIONES MULTIPLATAFORMA (LFP) (A DISTANCIA) ;122420023;A1;NO;14.89;NO;NO;0484;0487;0179;1709;0373;0485;0483;1708;
38;48650870M;GSPCID24/00649;CIDEAD CENTRO INTEGRADO DE ENSEÑANZAS REG;28700519;TÉCNICO SUPERIOR EN DESARROLLO DE APLICACIONES MULTIPLATAFORMA (LFP) (A DISTANCIA) ;122420023;A1;NO;14.56;NO;NO;0484;0487;0179;1709;0373;0485;0483;1708;
39;53190584W;GSPCID24/00090;CIDEAD CENTRO INTEGRADO DE ENSEÑANZAS REG;28700519;TÉCNICO SUPERIOR EN DESARROLLO DE APLICACIONES MULTIPLATAFORMA (LFP) (A DISTANCIA) ;122420023;A1;NO;14.05;NO;NO;0484;0487;0179;1709;0373;0485;0483;1708;
40;Y9841405H;GSPCID24/00885;CIDEAD CENTRO INTEGRADO DE ENSEÑANZAS REG;28700519;TÉCNICO SUPERIOR EN DESARROLLO DE APLICACIONES MULTIPLATAFORMA (LFP) (A DISTANCIA) ;122420023;A1;NO;14;NO;NO;0484;0487;0179;1709;0373;0485;0483;1708;
41;76134096W;GSPCID24/00905;CIDEAD CENTRO INTEGRADO DE ENSEÑANZAS REG;28700519;TÉCNICO SUPERIOR EN DESARROLLO DE APLICACIONES MULTIPLATAFORMA (LFP) (A DISTANCIA) ;122420023;A1;NO;14;NO;NO;0484;0487;0179;1709;0373;0485;0483;1708;
42;53558240A;GSPCID24/00492;CIDEAD CENTRO INTEGRADO DE ENSEÑANZAS REG;28700519;TÉCNICO SUPERIOR EN DESARROLLO DE APLICACIONES MULTIPLATAFORMA (LFP) (A DISTANCIA) ;122420023;A1;NO;13.8;NO;NO;0484;0487;0179;1709;0373;0485;0483;1708;
43;50769794P;GSPCID24/00678;CIDEAD CENTRO INTEGRADO DE ENSEÑANZAS REG;28700519;TÉCNICO SUPERIOR EN DESARROLLO DE APLICACIONES MULTIPLATAFORMA (LFP) (A DISTANCIA) ;122420023;A1;NO;13.65;NO;NO;0484;0487;0179;1709;0373;0485;0483;1708;
44;52429669L;GSPCID24/00560;CIDEAD CENTRO INTEGRADO DE ENSEÑANZAS REG;28700519;TÉCNICO SUPERIOR EN DESARROLLO DE APLICACIONES MULTIPLATAFORMA (LFP) (A DISTANCIA) ;122420023;A1;NO;13.31;NO;NO;0487;0179;1709;0483;1708;
45;DCP153441;GSPCID24/00790;CIDEAD CENTRO INTEGRADO DE ENSEÑANZAS REG;28700519;TÉCNICO SUPERIOR EN DESARROLLO DE APLICACIONES MULTIPLATAFORMA (LFP) (A DISTANCIA) ;122420023;A1;NO;13;NO;NO;0484;0487;0179;1709;0373;0485;0483;1708;
46;46916738G;GSPCID24/00499;CIDEAD CENTRO INTEGRADO DE ENSEÑANZAS REG;28700519;TÉCNICO SUPERIOR EN DESARROLLO DE APLICACIONES MULTIPLATAFORMA (LFP) (A DISTANCIA) ;122420023;A1;NO;13;NO;NO;0179;0485;1708;
47;54138655J;GSPCID24/00426;CIDEAD CENTRO INTEGRADO DE ENSEÑANZAS REG;28700519;TÉCNICO SUPERIOR EN DESARROLLO DE APLICACIONES MULTIPLATAFORMA (LFP) (A DISTANCIA) ;122420023;A1;NO;13;NO;NO;0484;0487;0179;0373;0485;0483;
48;07977488F;GSPCID24/00414;CIDEAD CENTRO INTEGRADO DE ENSEÑANZAS REG;28700519;TÉCNICO SUPERIOR EN DESARROLLO DE APLICACIONES MULTIPLATAFORMA (LFP) (A DISTANCIA) ;122420023;A1;NO;13;NO;NO;0484;0487;0179;1709;0373;0485;0483;1708;
1;80106733X;GSPCID24/00349;CIDEAD CENTRO INTEGRADO DE ENSEÑANZAS REG;28700519;TÉCNICO SUPERIOR EN DESARROLLO DE APLICACIONES MULTIPLATAFORMA (LFP) (A DISTANCIA) ;122420023;A2;NO;23.9;NO;NO;0484;0487;0179;1709;0373;0485;0483;1708;
2;75785639H;GSPCID24/00116;CIDEAD CENTRO INTEGRADO DE ENSEÑANZAS REG;28700519;TÉCNICO SUPERIOR EN DESARROLLO DE APLICACIONES MULTIPLATAFORMA (LFP) (A DISTANCIA) ;122420023;A2;NO;23.18;NO;NO;0484;0487;0179;1709;0373;0485;0483;1708;
3;Y3883408X;GSPCID24/00643;CIDEAD CENTRO INTEGRADO DE ENSEÑANZAS REG;28700519;TÉCNICO SUPERIOR EN DESARROLLO DE APLICACIONES MULTIPLATAFORMA (LFP) (A DISTANCIA) ;122420023;A2;NO;22.82;NO;NO;0485;
4;35604844Q;GSPCID24/00865;CIDEAD CENTRO INTEGRADO DE ENSEÑANZAS REG;28700519;TÉCNICO SUPERIOR EN DESARROLLO DE APLICACIONES MULTIPLATAFORMA (LFP) (A DISTANCIA) ;122420023;A2;NO;22.79;NO;NO;0484;0485;
5;49564938F;GSPCID24/00755;CIDEAD CENTRO INTEGRADO DE ENSEÑANZAS REG;28700519;TÉCNICO SUPERIOR EN DESARROLLO DE APLICACIONES MULTIPLATAFORMA (LFP) (A DISTANCIA) ;122420023;A2;NO;22;NO;NO;0484;0487;0179;1709;0373;0485;0483;1708;
6;46186551K;GSPCID24/00613;CIDEAD CENTRO INTEGRADO DE ENSEÑANZAS REG;28700519;TÉCNICO SUPERIOR EN DESARROLLO DE APLICACIONES MULTIPLATAFORMA (LFP) (A DISTANCIA) ;122420023;A2;NO;21.58;NO;NO;0484;0487;0179;1709;0373;0485;0483;1708;
7;34781036E;GSPCID24/00455;CIDEAD CENTRO INTEGRADO DE ENSEÑANZAS REG;28700519;TÉCNICO SUPERIOR EN DESARROLLO DE APLICACIONES MULTIPLATAFORMA (LFP) (A DISTANCIA) ;122420023;A2;NO;21.3;NO;NO;0484;0487;0179;1709;0373;0485;0483;1708;
8;53803498N;GSPCID24/00584;CIDEAD CENTRO INTEGRADO DE ENSEÑANZAS REG;28700519;TÉCNICO SUPERIOR EN DESARROLLO DE APLICACIONES MULTIPLATAFORMA (LFP) (A DISTANCIA) ;122420023;A2;NO;20.91;NO;NO;0484;0487;0179;1709;0373;0485;0483;1708;
9;46863398R;GSPCID24/00472;CIDEAD CENTRO INTEGRADO DE ENSEÑANZAS REG;28700519;TÉCNICO SUPERIOR EN DESARROLLO DE APLICACIONES MULTIPLATAFORMA (LFP) (A DISTANCIA) ;122420023;A2;NO;20.5;NO;NO;0484;0487;0179;1709;0373;0485;0483;1708;
10;52877655B;GSPCID24/00266;CIDEAD CENTRO INTEGRADO DE ENSEÑANZAS REG;28700519;TÉCNICO SUPERIOR EN DESARROLLO DE APLICACIONES MULTIPLATAFORMA (LFP) (A DISTANCIA) ;122420023;A2;NO;20.5;NO;NO;0484;0487;0179;1709;0373;0485;0483;1708;
11;53418127Y;GSPCID24/00525;CIDEAD CENTRO INTEGRADO DE ENSEÑANZAS REG;28700519;TÉCNICO SUPERIOR EN DESARROLLO DE APLICACIONES MULTIPLATAFORMA (LFP) (A DISTANCIA) ;122420023;A2;NO;20.45;NO;NO;0485;
12;30234821X;GSPCID24/00671;CIDEAD CENTRO INTEGRADO DE ENSEÑANZAS REG;28700519;TÉCNICO SUPERIOR EN DESARROLLO DE APLICACIONES MULTIPLATAFORMA (LFP) (A DISTANCIA) ;122420023;A2;NO;19.8;NO;NO;0484;0487;0179;1709;0373;0485;0483;1708;
13;50607691D;GSPCID24/00958;CIDEAD CENTRO INTEGRADO DE ENSEÑANZAS REG;28700519;TÉCNICO SUPERIOR EN DESARROLLO DE APLICACIONES MULTIPLATAFORMA (LFP) (A DISTANCIA) ;122420023;A2;NO;19;NO;NO;0484;0179;0373;0485;
14;20215832M;GSPCID24/00666;CIDEAD CENTRO INTEGRADO DE ENSEÑANZAS REG;28700519;TÉCNICO SUPERIOR EN DESARROLLO DE APLICACIONES MULTIPLATAFORMA (LFP) (A DISTANCIA) ;122420023;A2;NO;19;NO;NO;0484;0487;0179;1709;0373;0485;0483;1708;
15;51721919W;GSPCID24/00875;CIDEAD CENTRO INTEGRADO DE ENSEÑANZAS REG;28700519;TÉCNICO SUPERIOR EN DESARROLLO DE APLICACIONES MULTIPLATAFORMA (LFP) (A DISTANCIA) ;122420023;A2;NO;19;NO;NO;0484;0487;0179;0485;
16;XDE693216;GSPCID24/00407;CIDEAD CENTRO INTEGRADO DE ENSEÑANZAS REG;28700519;TÉCNICO SUPERIOR EN DESARROLLO DE APLICACIONES MULTIPLATAFORMA (LFP) (A DISTANCIA) ;122420023;A2;NO;16.83;NO;NO;0484;0487;0179;0373;0485;0483;
17;53178908X;GSPCID24/00231;CIDEAD CENTRO INTEGRADO DE ENSEÑANZAS REG;28700519;TÉCNICO SUPERIOR EN DESARROLLO DE APLICACIONES MULTIPLATAFORMA (LFP) (A DISTANCIA) ;122420023;A2;NO;16.4;NO;NO;0484;0487;0179;1709;0373;0485;0483;1708;
18;23866155K;GSPCID24/00887;CIDEAD CENTRO INTEGRADO DE ENSEÑANZAS REG;28700519;TÉCNICO SUPERIOR EN DESARROLLO DE APLICACIONES MULTIPLATAFORMA (LFP) (A DISTANCIA) ;122420023;A2;NO;14.64;NO;NO;0485;
19;78624041J;GSPCID24/00571;CIDEAD CENTRO INTEGRADO DE ENSEÑANZAS REG;28700519;TÉCNICO SUPERIOR EN DESARROLLO DE APLICACIONES MULTIPLATAFORMA (LFP) (A DISTANCIA) ;122420023;A2;NO;14.46;NO;NO;0484;0487;0179;1709;0373;0485;0483;1708;
20;20529392Y;GSPCID24/00717;CIDEAD CENTRO INTEGRADO DE ENSEÑANZAS REG;28700519;TÉCNICO SUPERIOR EN DESARROLLO DE APLICACIONES MULTIPLATAFORMA (LFP) (A DISTANCIA) ;122420023;A2;NO;13.91;NO;NO;0484;0487;0179;1709;0373;0485;0483;1708;
21;75720675Y;GSPCID24/00575;CIDEAD CENTRO INTEGRADO DE ENSEÑANZAS REG;28700519;TÉCNICO SUPERIOR EN DESARROLLO DE APLICACIONES MULTIPLATAFORMA (LFP) (A DISTANCIA) ;122420023;A2;NO;13;NO;NO;0484;0487;0373;0485;0483;
22;33328487S;GSPCID24/00542;CIDEAD CENTRO INTEGRADO DE ENSEÑANZAS REG;28700519;TÉCNICO SUPERIOR EN DESARROLLO DE APLICACIONES MULTIPLATAFORMA (LFP) (A DISTANCIA) ;122420023;A2;NO;13;NO;NO;0484;0487;0179;1709;0373;0485;0483;1708;
1;28818739S;GSPCID24/00639;CIDEAD CENTRO INTEGRADO DE ENSEÑANZAS REG;28700519;TÉCNICO SUPERIOR EN DESARROLLO DE APLICACIONES MULTIPLATAFORMA (LFP) (A DISTANCIA) ;122420023;B;NO;18.08;NO;NO;0484;0487;0179;1709;0373;0485;0483;1708;
2;78952671L;GSPCID24/00308;CIDEAD CENTRO INTEGRADO DE ENSEÑANZAS REG;28700519;TÉCNICO SUPERIOR EN DESARROLLO DE APLICACIONES MULTIPLATAFORMA (LFP) (A DISTANCIA) ;122420023;B;NO;17.97;NO;NO;0484;0487;0179;1709;0373;0485;0483;1708;
3;28811283B;GSPCID24/00828;CIDEAD CENTRO INTEGRADO DE ENSEÑANZAS REG;28700519;TÉCNICO SUPERIOR EN DESARROLLO DE APLICACIONES MULTIPLATAFORMA (LFP) (A DISTANCIA) ;122420023;B;NO;17.77;NO;NO;0484;0487;0179;1709;0373;0485;0483;1708;
4;49095853F;GSPCID24/00672;CIDEAD CENTRO INTEGRADO DE ENSEÑANZAS REG;28700519;TÉCNICO SUPERIOR EN DESARROLLO DE APLICACIONES MULTIPLATAFORMA (LFP) (A DISTANCIA) ;122420023;B;NO;17.51;NO;NO;0484;0487;0179;1709;0373;0485;0483;1708;
5;72822197B;GSPCID24/00101;CIDEAD CENTRO INTEGRADO DE ENSEÑANZAS REG;28700519;TÉCNICO SUPERIOR EN DESARROLLO DE APLICACIONES MULTIPLATAFORMA (LFP) (A DISTANCIA) ;122420023;B;NO;16.77;NO;NO;0484;0487;0179;1709;0373;0485;0483;1708;
6;76075686N;GSPCID24/00674;CIDEAD CENTRO INTEGRADO DE ENSEÑANZAS REG;28700519;TÉCNICO SUPERIOR EN DESARROLLO DE APLICACIONES MULTIPLATAFORMA (LFP) (A DISTANCIA) ;122420023;B;NO;16.66;NO;NO;0484;0487;0179;1709;0373;0485;0483;1708;
7;48010818C;GSPCID24/00527;CIDEAD CENTRO INTEGRADO DE ENSEÑANZAS REG;28700519;TÉCNICO SUPERIOR EN DESARROLLO DE APLICACIONES MULTIPLATAFORMA (LFP) (A DISTANCIA) ;122420023;B;NO;16.36;NO;NO;0484;0487;0179;1709;0373;0485;0483;1708;
8;52379746Y;GSPCID24/00157;CIDEAD CENTRO INTEGRADO DE ENSEÑANZAS REG;28700519;TÉCNICO SUPERIOR EN DESARROLLO DE APLICACIONES MULTIPLATAFORMA (LFP) (A DISTANCIA) ;122420023;B;NO;16.29;NO;NO;0484;0487;0179;1709;0373;0485;0483;1708;
9;51084756P;GSPCID24/00616;CIDEAD CENTRO INTEGRADO DE ENSEÑANZAS REG;28700519;TÉCNICO SUPERIOR EN DESARROLLO DE APLICACIONES MULTIPLATAFORMA (LFP) (A DISTANCIA) ;122420023;B;NO;16.2;NO;NO;0485;0483;
10;15470502N;GSPCID24/00083;CIDEAD CENTRO INTEGRADO DE ENSEÑANZAS REG;28700519;TÉCNICO SUPERIOR EN DESARROLLO DE APLICACIONES MULTIPLATAFORMA (LFP) (A DISTANCIA) ;122420023;B;NO;15.46;NO;NO;0484;0487;0373;0485;0483;
11;28643011F;GSPCID24/00568;CIDEAD CENTRO INTEGRADO DE ENSEÑANZAS REG;28700519;TÉCNICO SUPERIOR EN DESARROLLO DE APLICACIONES MULTIPLATAFORMA (LFP) (A DISTANCIA) ;122420023;B;NO;15.45;NO;NO;0484;0487;0179;1709;0373;0485;0483;1708;
12;30227702K;GSPCID24/00714;CIDEAD CENTRO INTEGRADO DE ENSEÑANZAS REG;28700519;TÉCNICO SUPERIOR EN DESARROLLO DE APLICACIONES MULTIPLATAFORMA (LFP) (A DISTANCIA) ;122420023;B;NO;15.41;NO;NO;0484;0487;0179;1709;0373;0485;0483;1708;
13;28819822V;GSPCID24/00715;CIDEAD CENTRO INTEGRADO DE ENSEÑANZAS REG;28700519;TÉCNICO SUPERIOR EN DESARROLLO DE APLICACIONES MULTIPLATAFORMA (LFP) (A DISTANCIA) ;122420023;B;NO;15.35;NO;NO;0484;0487;0179;1709;0373;0485;0483;1708;
14;02740178G;GSPCID24/00834;CIDEAD CENTRO INTEGRADO DE ENSEÑANZAS REG;28700519;TÉCNICO SUPERIOR EN DESARROLLO DE APLICACIONES MULTIPLATAFORMA (LFP) (A DISTANCIA) ;122420023;B;NO;15;NO;NO;0484;
15;77151790S;GSPCID24/00856;CIDEAD CENTRO INTEGRADO DE ENSEÑANZAS REG;28700519;TÉCNICO SUPERIOR EN DESARROLLO DE APLICACIONES MULTIPLATAFORMA (LFP) (A DISTANCIA) ;122420023;B;NO;15;NO;NO;0484;0487;0179;1709;0373;0485;0483;1708;
16;22991429P;GSPCID24/00160;CIDEAD CENTRO INTEGRADO DE ENSEÑANZAS REG;28700519;TÉCNICO SUPERIOR EN DESARROLLO DE APLICACIONES MULTIPLATAFORMA (LFP) (A DISTANCIA) ;122420023;B;NO;15;NO;NO;0484;0487;0179;1709;0373;0485;0483;1708;
17;02891027L;GSPCID24/00738;CIDEAD CENTRO INTEGRADO DE ENSEÑANZAS REG;28700519;TÉCNICO SUPERIOR EN DESARROLLO DE APLICACIONES MULTIPLATAFORMA (LFP) (A DISTANCIA) ;122420023;B;NO;15;NO;NO;1709;
18;77768023D;GSPCID24/00306;CIDEAD CENTRO INTEGRADO DE ENSEÑANZAS REG;28700519;TÉCNICO SUPERIOR EN DESARROLLO DE APLICACIONES MULTIPLATAFORMA (LFP) (A DISTANCIA) ;122420023;B;NO;15;NO;NO;0485;
19;53531437H;GSPCID24/00968;CIDEAD CENTRO INTEGRADO DE ENSEÑANZAS REG;28700519;TÉCNICO SUPERIOR EN DESARROLLO DE APLICACIONES MULTIPLATAFORMA (LFP) (A DISTANCIA) ;122420023;B;NO;15;NO;NO;0485;
20;30972751P;GSPCID24/00544;CIDEAD CENTRO INTEGRADO DE ENSEÑANZAS REG;28700519;TÉCNICO SUPERIOR EN DESARROLLO DE APLICACIONES MULTIPLATAFORMA (LFP) (A DISTANCIA) ;122420023;B;NO;15;NO;NO;0484;0487;0179;1709;0373;0485;0483;1708;
21;09433729A;GSPCID24/00323;CIDEAD CENTRO INTEGRADO DE ENSEÑANZAS REG;28700519;TÉCNICO SUPERIOR EN DESARROLLO DE APLICACIONES MULTIPLATAFORMA (LFP) (A DISTANCIA) ;122420023;B;NO;15;NO;NO;0484;0487;0179;1709;0483;1708;
22;11851738E;GSPCID24/00892;CIDEAD CENTRO INTEGRADO DE ENSEÑANZAS REG;28700519;TÉCNICO SUPERIOR EN DESARROLLO DE APLICACIONES MULTIPLATAFORMA (LFP) (A DISTANCIA) ;122420023;B;NO;12.44;NO;NO;0484;0487;0179;1709;0373;0485;0483;1708;
23;Y2932635B;GSPCID24/00632;CIDEAD CENTRO INTEGRADO DE ENSEÑANZAS REG;28700519;TÉCNICO SUPERIOR EN DESARROLLO DE APLICACIONES MULTIPLATAFORMA (LFP) (A DISTANCIA) ;122420023;B;NO;12.23;NO;NO;0484;0487;0179;1709;0373;0485;0483;1708;
24;71157395H;GSPCID24/00180;CIDEAD CENTRO INTEGRADO DE ENSEÑANZAS REG;28700519;TÉCNICO SUPERIOR EN DESARROLLO DE APLICACIONES MULTIPLATAFORMA (LFP) (A DISTANCIA) ;122420023;B;NO;11.5;NO;NO;0484;0487;0179;1709;0373;0485;0483;1708;
25;11813616B;GSPCID24/00458;CIDEAD CENTRO INTEGRADO DE ENSEÑANZAS REG;28700519;TÉCNICO SUPERIOR EN DESARROLLO DE APLICACIONES MULTIPLATAFORMA (LFP) (A DISTANCIA) ;122420023;B;NO;11.2;NO;NO;0484;0487;0373;0485;0483;
26;44431981Y;GSPCID24/00799;CIDEAD CENTRO INTEGRADO DE ENSEÑANZAS REG;28700519;TÉCNICO SUPERIOR EN DESARROLLO DE APLICACIONES MULTIPLATAFORMA (LFP) (A DISTANCIA) ;122420023;B;NO;10.79;NO;NO;0484;0179;1708;
27;Y8315801G;GSPCID24/00431;CIDEAD CENTRO INTEGRADO DE ENSEÑANZAS REG;28700519;TÉCNICO SUPERIOR EN DESARROLLO DE APLICACIONES MULTIPLATAFORMA (LFP) (A DISTANCIA) ;122420023;B;NO;10.62;NO;NO;0484;0487;0179;1709;0373;0485;0483;1708;
28;33514725E;GSPCID24/00094;CIDEAD CENTRO INTEGRADO DE ENSEÑANZAS REG;28700519;TÉCNICO SUPERIOR EN DESARROLLO DE APLICACIONES MULTIPLATAFORMA (LFP) (A DISTANCIA) ;122420023;B;NO;10.52;NO;NO;0484;0487;0179;1709;0373;0485;0483;1708;
29;52665618B;GSPCID24/00907;CIDEAD CENTRO INTEGRADO DE ENSEÑANZAS REG;28700519;TÉCNICO SUPERIOR EN DESARROLLO DE APLICACIONES MULTIPLATAFORMA (LFP) (A DISTANCIA) ;122420023;B;NO;10.48;NO;NO;0484;0487;0179;1709;0373;0485;0483;1708;
30;20043164K;GSPCID24/00132;CIDEAD CENTRO INTEGRADO DE ENSEÑANZAS REG;28700519;TÉCNICO SUPERIOR EN DESARROLLO DE APLICACIONES MULTIPLATAFORMA (LFP) (A DISTANCIA) ;122420023;B;NO;10.35;NO;NO;0484;0487;0179;1709;0373;0485;0483;1708;
31;55285171W;GSPCID24/00375;CIDEAD CENTRO INTEGRADO DE ENSEÑANZAS REG;28700519;TÉCNICO SUPERIOR EN DESARROLLO DE APLICACIONES MULTIPLATAFORMA (LFP) (A DISTANCIA) ;122420023;B;NO;10.12;NO;NO;0484;0487;0373;0485;0483;
32;25353068F;GSPCID24/00789;CIDEAD CENTRO INTEGRADO DE ENSEÑANZAS REG;28700519;TÉCNICO SUPERIOR EN DESARROLLO DE APLICACIONES MULTIPLATAFORMA (LFP) (A DISTANCIA) ;122420023;B;NO;9.83;NO;NO;0484;0487;0179;1709;0373;0485;0483;1708;
33;44851053H;GSPCID24/00220;CIDEAD CENTRO INTEGRADO DE ENSEÑANZAS REG;28700519;TÉCNICO SUPERIOR EN DESARROLLO DE APLICACIONES MULTIPLATAFORMA (LFP) (A DISTANCIA) ;122420023;B;NO;9.09;NO;NO;0484;0487;0179;1709;0373;0485;0483;1708;
34;70828549A;GSPCID24/00628;CIDEAD CENTRO INTEGRADO DE ENSEÑANZAS REG;28700519;TÉCNICO SUPERIOR EN DESARROLLO DE APLICACIONES MULTIPLATAFORMA (LFP) (A DISTANCIA) ;122420023;B;NO;9;NO;NO;0484;0487;0179;1709;0373;0485;0483;1708;
35;31734308N;GSPCID24/00419;CIDEAD CENTRO INTEGRADO DE ENSEÑANZAS REG;28700519;TÉCNICO SUPERIOR EN DESARROLLO DE APLICACIONES MULTIPLATAFORMA (LFP) (A DISTANCIA) ;122420023;B;NO;9;NO;NO;0484;0373;
1;74872655L;GSPCID24/00545;CIDEAD CENTRO INTEGRADO DE ENSEÑANZAS REG;28700519;TÉCNICO SUPERIOR EN DESARROLLO DE APLICACIONES MULTIPLATAFORMA (LFP) (A DISTANCIA) ;122420023;C;NO;20;NO;NO;0484;0485;
2;76650200D;GSPCID24/00026;CIDEAD CENTRO INTEGRADO DE ENSEÑANZAS REG;28700519;TÉCNICO SUPERIOR EN DESARROLLO DE APLICACIONES MULTIPLATAFORMA (LFP) (A DISTANCIA) ;122420023;C;NO;19.29;NO;NO;0484;0487;0179;1709;0373;0485;0483;1708;
3;52994118W;GSPCID24/00424;CIDEAD CENTRO INTEGRADO DE ENSEÑANZAS REG;28700519;TÉCNICO SUPERIOR EN DESARROLLO DE APLICACIONES MULTIPLATAFORMA (LFP) (A DISTANCIA) ;122420023;C;NO;19.1;NO;NO;0484;
4;51118292X;GSPCID24/00321;CIDEAD CENTRO INTEGRADO DE ENSEÑANZAS REG;28700519;TÉCNICO SUPERIOR EN DESARROLLO DE APLICACIONES MULTIPLATAFORMA (LFP) (A DISTANCIA) ;122420023;C;NO;19;NO;NO;0484;0487;0179;1709;0373;0485;0483;1708;
5;47010396Y;GSPCID24/00216;CIDEAD CENTRO INTEGRADO DE ENSEÑANZAS REG;28700519;TÉCNICO SUPERIOR EN DESARROLLO DE APLICACIONES MULTIPLATAFORMA (LFP) (A DISTANCIA) ;122420023;C;NO;18.92;NO;NO;0484;0487;0179;1709;0373;0485;0483;1708;
6;42225212H;GSPCID24/00158;CIDEAD CENTRO INTEGRADO DE ENSEÑANZAS REG;28700519;TÉCNICO SUPERIOR EN DESARROLLO DE APLICACIONES MULTIPLATAFORMA (LFP) (A DISTANCIA) ;122420023;C;NO;18.7;NO;NO;0484;0487;0179;1709;0373;0485;0483;1708;
7;23334103M;GSPCID24/00339;CIDEAD CENTRO INTEGRADO DE ENSEÑANZAS REG;28700519;TÉCNICO SUPERIOR EN DESARROLLO DE APLICACIONES MULTIPLATAFORMA (LFP) (A DISTANCIA) ;122420023;C;NO;18.69;NO;NO;0484;0487;0179;1709;0373;0485;0483;1708;
8;52105382D;GSPCID24/00422;CIDEAD CENTRO INTEGRADO DE ENSEÑANZAS REG;28700519;TÉCNICO SUPERIOR EN DESARROLLO DE APLICACIONES MULTIPLATAFORMA (LFP) (A DISTANCIA) ;122420023;C;NO;18.5;NO;NO;0484;0487;0179;0373;
9;32891090D;GSPCID24/00282;CIDEAD CENTRO INTEGRADO DE ENSEÑANZAS REG;28700519;TÉCNICO SUPERIOR EN DESARROLLO DE APLICACIONES MULTIPLATAFORMA (LFP) (A DISTANCIA) ;122420023;C;NO;18.5;NO;NO;0484;0487;0179;1709;0373;0485;0483;1708;
10;74887237L;GSPCID24/00230;CIDEAD CENTRO INTEGRADO DE ENSEÑANZAS REG;28700519;TÉCNICO SUPERIOR EN DESARROLLO DE APLICACIONES MULTIPLATAFORMA (LFP) (A DISTANCIA) ;122420023;C;NO;18.3;NO;NO;0484;0487;0179;1709;0373;0485;0483;1708;
11;28770405G;GSPCID24/00594;CIDEAD CENTRO INTEGRADO DE ENSEÑANZAS REG;28700519;TÉCNICO SUPERIOR EN DESARROLLO DE APLICACIONES MULTIPLATAFORMA (LFP) (A DISTANCIA) ;122420023;C;NO;18.1;NO;NO;0484;0487;0179;1709;0373;0485;0483;1708;
12;70417512E;GSPCID24/00259;CIDEAD CENTRO INTEGRADO DE ENSEÑANZAS REG;28700519;TÉCNICO SUPERIOR EN DESARROLLO DE APLICACIONES MULTIPLATAFORMA (LFP) (A DISTANCIA) ;122420023;C;NO;18.08;NO;NO;0484;0487;0179;1709;0373;0485;0483;1708;
13;49601864H;GSPCID24/00713;CIDEAD CENTRO INTEGRADO DE ENSEÑANZAS REG;28700519;TÉCNICO SUPERIOR EN DESARROLLO DE APLICACIONES MULTIPLATAFORMA (LFP) (A DISTANCIA) ;122420023;C;NO;18;NO;NO;0484;0487;0179;1709;0373;0485;0483;1708;
14;48979817Y;GSPCID24/00474;CIDEAD CENTRO INTEGRADO DE ENSEÑANZAS REG;28700519;TÉCNICO SUPERIOR EN DESARROLLO DE APLICACIONES MULTIPLATAFORMA (LFP) (A DISTANCIA) ;122420023;C;NO;17.92;NO;NO;0484;0487;0179;1709;0373;0485;0483;1708;
15;15483397G;GSPCID24/00360;CIDEAD CENTRO INTEGRADO DE ENSEÑANZAS REG;28700519;TÉCNICO SUPERIOR EN DESARROLLO DE APLICACIONES MULTIPLATAFORMA (LFP) (A DISTANCIA) ;122420023;C;NO;17.86;NO;NO;0484;0487;0179;1709;0373;0485;0483;1708;
16;12416505R;GSPCID24/00577;CIDEAD CENTRO INTEGRADO DE ENSEÑANZAS REG;28700519;TÉCNICO SUPERIOR EN DESARROLLO DE APLICACIONES MULTIPLATAFORMA (LFP) (A DISTANCIA) ;122420023;C;NO;17.8;NO;NO;0484;0487;0179;1709;0373;0485;0483;1708;
17;50482644J;GSPCID24/00802;CIDEAD CENTRO INTEGRADO DE ENSEÑANZAS REG;28700519;TÉCNICO SUPERIOR EN DESARROLLO DE APLICACIONES MULTIPLATAFORMA (LFP) (A DISTANCIA) ;122420023;C;NO;17.75;NO;NO;0484;0487;0179;1709;0373;0485;0483;1708;
18;10871527W;GSPCID24/00810;CIDEAD CENTRO INTEGRADO DE ENSEÑANZAS REG;28700519;TÉCNICO SUPERIOR EN DESARROLLO DE APLICACIONES MULTIPLATAFORMA (LFP) (A DISTANCIA) ;122420023;C;NO;17.5;NO;NO;0484;0487;1709;0373;0485;0483;1708;
19;44967168Y;GSPCID24/00319;CIDEAD CENTRO INTEGRADO DE ENSEÑANZAS REG;28700519;TÉCNICO SUPERIOR EN DESARROLLO DE APLICACIONES MULTIPLATAFORMA (LFP) (A DISTANCIA) ;122420023;C;NO;17.38;NO;NO;0484;0487;0179;1709;0373;0485;0483;1708;
20;52583217L;GSPCID24/00488;CIDEAD CENTRO INTEGRADO DE ENSEÑANZAS REG;28700519;TÉCNICO SUPERIOR EN DESARROLLO DE APLICACIONES MULTIPLATAFORMA (LFP) (A DISTANCIA) ;122420023;C;NO;17.12;NO;NO;0484;0487;0179;1709;0373;0485;0483;1708;
21;48122322C;GSPCID24/00554;CIDEAD CENTRO INTEGRADO DE ENSEÑANZAS REG;28700519;TÉCNICO SUPERIOR EN DESARROLLO DE APLICACIONES MULTIPLATAFORMA (LFP) (A DISTANCIA) ;122420023;C;NO;17.08;NO;NO;0484;0487;0179;1709;0373;0485;0483;1708;
22;77471629Q;GSPCID24/00582;CIDEAD CENTRO INTEGRADO DE ENSEÑANZAS REG;28700519;TÉCNICO SUPERIOR EN DESARROLLO DE APLICACIONES MULTIPLATAFORMA (LFP) (A DISTANCIA) ;122420023;C;NO;17;NO;NO;0484;0487;0179;1709;0373;0485;0483;1708;
23;50614234C;GSPCID24/00362;CIDEAD CENTRO INTEGRADO DE ENSEÑANZAS REG;28700519;TÉCNICO SUPERIOR EN DESARROLLO DE APLICACIONES MULTIPLATAFORMA (LFP) (A DISTANCIA) ;122420023;C;NO;16.9;NO;NO;0484;0487;0179;1709;0373;0485;0483;1708;
24;47473979R;GSPCID24/00269;CIDEAD CENTRO INTEGRADO DE ENSEÑANZAS REG;28700519;TÉCNICO SUPERIOR EN DESARROLLO DE APLICACIONES MULTIPLATAFORMA (LFP) (A DISTANCIA) ;122420023;C;NO;16.86;NO;NO;0484;0487;0179;1709;0373;0485;0483;1708;
25;30220680Z;GSPCID24/00847;CIDEAD CENTRO INTEGRADO DE ENSEÑANZAS REG;28700519;TÉCNICO SUPERIOR EN DESARROLLO DE APLICACIONES MULTIPLATAFORMA (LFP) (A DISTANCIA) ;122420023;C;NO;16.7;NO;NO;0484;0487;0179;1709;0373;
26;77144395A;GSPCID24/00367;CIDEAD CENTRO INTEGRADO DE ENSEÑANZAS REG;28700519;TÉCNICO SUPERIOR EN DESARROLLO DE APLICACIONES MULTIPLATAFORMA (LFP) (A DISTANCIA) ;122420023;C;NO;16.62;NO;NO;0484;0487;0179;1709;0373;0485;0483;1708;
27;53451861E;GSPCID24/00295;CIDEAD CENTRO INTEGRADO DE ENSEÑANZAS REG;28700519;TÉCNICO SUPERIOR EN DESARROLLO DE APLICACIONES MULTIPLATAFORMA (LFP) (A DISTANCIA) ;122420023;C;NO;16.58;NO;NO;0484;0487;0179;1709;0373;0485;0483;1708;
28;05934116R;GSPCID24/00046;CIDEAD CENTRO INTEGRADO DE ENSEÑANZAS REG;28700519;TÉCNICO SUPERIOR EN DESARROLLO DE APLICACIONES MULTIPLATAFORMA (LFP) (A DISTANCIA) ;122420023;C;NO;16.5;NO;NO;0484;0487;0179;1709;0373;0485;0483;1708;
29;53722109C;GSPCID24/00235;CIDEAD CENTRO INTEGRADO DE ENSEÑANZAS REG;28700519;TÉCNICO SUPERIOR EN DESARROLLO DE APLICACIONES MULTIPLATAFORMA (LFP) (A DISTANCIA) ;122420023;C;NO;16.47;NO;NO;0484;0487;0179;1709;0373;0485;0483;1708;
30;47513636Y;GSPCID24/00749;CIDEAD CENTRO INTEGRADO DE ENSEÑANZAS REG;28700519;TÉCNICO SUPERIOR EN DESARROLLO DE APLICACIONES MULTIPLATAFORMA (LFP) (A DISTANCIA) ;122420023;C;NO;16.4;NO;NO;0484;0487;0179;1709;0373;0485;0483;1708;
31;50909008A;GSPCID24/00967;CIDEAD CENTRO INTEGRADO DE ENSEÑANZAS REG;28700519;TÉCNICO SUPERIOR EN DESARROLLO DE APLICACIONES MULTIPLATAFORMA (LFP) (A DISTANCIA) ;122420023;C;NO;16.38;NO;NO;0484;0487;0373;0485;0483;
32;70941497K;GSPCID24/00494;CIDEAD CENTRO INTEGRADO DE ENSEÑANZAS REG;28700519;TÉCNICO SUPERIOR EN DESARROLLO DE APLICACIONES MULTIPLATAFORMA (LFP) (A DISTANCIA) ;122420023;C;NO;16.33;NO;NO;0484;0487;0179;1709;0373;0485;0483;1708;
33;18998365C;GSPCID24/00839;CIDEAD CENTRO INTEGRADO DE ENSEÑANZAS REG;28700519;TÉCNICO SUPERIOR EN DESARROLLO DE APLICACIONES MULTIPLATAFORMA (LFP) (A DISTANCIA) ;122420023;C;NO;16.3;NO;NO;0484;0487;0179;1709;0373;0485;0483;1708;
34;78626087N;GSPCID24/00506;CIDEAD CENTRO INTEGRADO DE ENSEÑANZAS REG;28700519;TÉCNICO SUPERIOR EN DESARROLLO DE APLICACIONES MULTIPLATAFORMA (LFP) (A DISTANCIA) ;122420023;C;NO;16.22;NO;NO;0487;0373;0485;0483;
35;28976328P;GSPCID24/00658;CIDEAD CENTRO INTEGRADO DE ENSEÑANZAS REG;28700519;TÉCNICO SUPERIOR EN DESARROLLO DE APLICACIONES MULTIPLATAFORMA (LFP) (A DISTANCIA) ;122420023;C;NO;15.79;NO;NO;0485;
36;71211771E;GSPCID24/00327;CIDEAD CENTRO INTEGRADO DE ENSEÑANZAS REG;28700519;TÉCNICO SUPERIOR EN DESARROLLO DE APLICACIONES MULTIPLATAFORMA (LFP) (A DISTANCIA) ;122420023;C;NO;15.75;NO;NO;0484;0487;0179;0373;0485;0483;
37;28834605B;GSPCID24/00759;CIDEAD CENTRO INTEGRADO DE ENSEÑANZAS REG;28700519;TÉCNICO SUPERIOR EN DESARROLLO DE APLICACIONES MULTIPLATAFORMA (LFP) (A DISTANCIA) ;122420023;C;NO;15.58;NO;NO;0484;0487;0179;1709;0373;0485;0483;1708;
38;70824052Z;GSPCID24/00645;CIDEAD CENTRO INTEGRADO DE ENSEÑANZAS REG;28700519;TÉCNICO SUPERIOR EN DESARROLLO DE APLICACIONES MULTIPLATAFORMA (LFP) (A DISTANCIA) ;122420023;C;NO;15.5;NO;NO;0179;1709;0373;0485;1708;
39;75929594Q;GSPCID24/00596;CIDEAD CENTRO INTEGRADO DE ENSEÑANZAS REG;28700519;TÉCNICO SUPERIOR EN DESARROLLO DE APLICACIONES MULTIPLATAFORMA (LFP) (A DISTANCIA) ;122420023;C;NO;15;NO;NO;0484;0487;0179;1709;0373;0485;0483;1708;
40;77537407Z;GSPCID24/00089;CIDEAD CENTRO INTEGRADO DE ENSEÑANZAS REG;28700519;TÉCNICO SUPERIOR EN DESARROLLO DE APLICACIONES MULTIPLATAFORMA (LFP) (A DISTANCIA) ;122420023;C;NO;15;NO;NO;0484;0487;0179;1709;0373;0485;0483;1708;
41;45140012M;GSPCID24/00061;CIDEAD CENTRO INTEGRADO DE ENSEÑANZAS REG;28700519;TÉCNICO SUPERIOR EN DESARROLLO DE APLICACIONES MULTIPLATAFORMA (LFP) (A DISTANCIA) ;122420023;C;NO;15;NO;NO;0484;0487;0179;1709;0373;0485;0483;1708;
42;71891820F;GSPCID24/00296;CIDEAD CENTRO INTEGRADO DE ENSEÑANZAS REG;28700519;TÉCNICO SUPERIOR EN DESARROLLO DE APLICACIONES MULTIPLATAFORMA (LFP) (A DISTANCIA) ;122420023;C;NO;15;NO;NO;0484;0487;0179;1709;0373;0485;0483;1708;
43;52348274K;GSPCID24/00381;CIDEAD CENTRO INTEGRADO DE ENSEÑANZAS REG;28700519;TÉCNICO SUPERIOR EN DESARROLLO DE APLICACIONES MULTIPLATAFORMA (LFP) (A DISTANCIA) ;122420023;C;NO;15;NO;NO;0484;0373;0485;
44;X3161887P;GSPCID24/00807;CIDEAD CENTRO INTEGRADO DE ENSEÑANZAS REG;28700519;TÉCNICO SUPERIOR EN DESARROLLO DE APLICACIONES MULTIPLATAFORMA (LFP) (A DISTANCIA) ;122420023;C;NO;13.6;NO;NO;0484;0487;0179;1709;0373;0485;0483;1708;
45;77021261B;GSPCID24/00036;CIDEAD CENTRO INTEGRADO DE ENSEÑANZAS REG;28700519;TÉCNICO SUPERIOR EN DESARROLLO DE APLICACIONES MULTIPLATAFORMA (LFP) (A DISTANCIA) ;122420023;C;NO;13.25;NO;NO;0484;0487;0179;1709;0373;0485;0483;1708;
46;32914736B;GSPCID24/00379;CIDEAD CENTRO INTEGRADO DE ENSEÑANZAS REG;28700519;TÉCNICO SUPERIOR EN DESARROLLO DE APLICACIONES MULTIPLATAFORMA (LFP) (A DISTANCIA) ;122420023;C;NO;12;NO;NO;0484;0487;0179;1709;0373;0485;0483;1708;
47;45140897Q;GSPCID24/00345;CIDEAD CENTRO INTEGRADO DE ENSEÑANZAS REG;28700519;TÉCNICO SUPERIOR EN DESARROLLO DE APLICACIONES MULTIPLATAFORMA (LFP) (A DISTANCIA) ;122420023;C;NO;12;NO;NO;0484;0487;0179;0373;0485;0483;
48;51486533K;GSPCID24/00102;CIDEAD CENTRO INTEGRADO DE ENSEÑANZAS REG;28700519;TÉCNICO SUPERIOR EN DESARROLLO DE APLICACIONES MULTIPLATAFORMA (LFP) (A DISTANCIA) ;122420023;C;NO;11.67;NO;NO;0484;0487;0179;1709;0373;0485;0483;1708;
49;50489610X;GSPCID24/00438;CIDEAD CENTRO INTEGRADO DE ENSEÑANZAS REG;28700519;TÉCNICO SUPERIOR EN DESARROLLO DE APLICACIONES MULTIPLATAFORMA (LFP) (A DISTANCIA) ;122420023;C;NO;11.54;NO;NO;0484;0487;0179;0373;0485;0483;
50;29442779L;GSPCID24/00430;CIDEAD CENTRO INTEGRADO DE ENSEÑANZAS REG;28700519;TÉCNICO SUPERIOR EN DESARROLLO DE APLICACIONES MULTIPLATAFORMA (LFP) (A DISTANCIA) ;122420023;C;NO;10;NO;NO;0484;0487;0179;1709;0373;0485;0483;1708;
51;45098279V;GSPCID24/00402;CIDEAD CENTRO INTEGRADO DE ENSEÑANZAS REG;28700519;TÉCNICO SUPERIOR EN DESARROLLO DE APLICACIONES MULTIPLATAFORMA (LFP) (A DISTANCIA) ;122420023;C;NO;10;NO;NO;0484;0373;
52;44460658W;GSPCID24/00489;CIDEAD CENTRO INTEGRADO DE ENSEÑANZAS REG;28700519;TÉCNICO SUPERIOR EN DESARROLLO DE APLICACIONES MULTIPLATAFORMA (LFP) (A DISTANCIA) ;122420023;C;NO;10;NO;NO;0484;0487;0179;1709;0373;0485;0483;1708;
53;24421658M;GSPCID24/00805;CIDEAD CENTRO INTEGRADO DE ENSEÑANZAS REG;28700519;TÉCNICO SUPERIOR EN DESARROLLO DE APLICACIONES MULTIPLATAFORMA (LFP) (A DISTANCIA) ;122420023;C;NO;9;NO;NO;0484;0487;0179;1709;0373;0485;0483;1708;
54;17731810Y;GSPCID24/00653;CIDEAD CENTRO INTEGRADO DE ENSEÑANZAS REG;28700519;TÉCNICO SUPERIOR EN DESARROLLO DE APLICACIONES MULTIPLATAFORMA (LFP) (A DISTANCIA) ;122420023;C;NO;9;NO;NO;0484;0487;0179;1709;0373;0485;0483;1708;
55;55613629C;GSPCID24/00644;CIDEAD CENTRO INTEGRADO DE ENSEÑANZAS REG;28700519;TÉCNICO SUPERIOR EN DESARROLLO DE APLICACIONES MULTIPLATAFORMA (LFP) (A DISTANCIA) ;122420023;C;NO;9;NO;NO;0484;0487;0179;0373;0485;0483;1708;
56;49045115F;GSPCID24/00538;CIDEAD CENTRO INTEGRADO DE ENSEÑANZAS REG;28700519;TÉCNICO SUPERIOR EN DESARROLLO DE APLICACIONES MULTIPLATAFORMA (LFP) (A DISTANCIA) ;122420023;C;NO;9;NO;NO;0484;0487;0179;1709;0373;0485;0483;1708;
57;06668346W;GSPCID24/00711;CIDEAD CENTRO INTEGRADO DE ENSEÑANZAS REG;28700519;TÉCNICO SUPERIOR EN DESARROLLO DE APLICACIONES MULTIPLATAFORMA (LFP) (A DISTANCIA) ;122420023;C;NO;9;NO;NO;0484;0487;0179;1709;0373;0485;0483;1708;
58;09007631A;GSPCID24/00521;CIDEAD CENTRO INTEGRADO DE ENSEÑANZAS REG;28700519;TÉCNICO SUPERIOR EN DESARROLLO DE APLICACIONES MULTIPLATAFORMA (LFP) (A DISTANCIA) ;122420023;C;NO;9;NO;NO;0484;0487;0179;1709;0373;0485;0483;1708;
1;48914340X;GSPCID24/00310;CIDEAD CENTRO INTEGRADO DE ENSEÑANZAS REG;28700519;TÉCNICO SUPERIOR EN DESARROLLO DE APLICACIONES WEB (LFP) (A DISTANCIA) ;122420033;A1;NO;20.5;SI;NO;0484;0487;0179;0373;0485;0483;1708;
2;47628047S;GSPCID24/00252;CIDEAD CENTRO INTEGRADO DE ENSEÑANZAS REG;28700519;TÉCNICO SUPERIOR EN DESARROLLO DE APLICACIONES WEB (LFP) (A DISTANCIA) ;122420033;A2;NO;19.06;SI;NO;0485;
3;28837606E;GSPCID24/00144;CIDEAD CENTRO INTEGRADO DE ENSEÑANZAS REG;28700519;TÉCNICO SUPERIOR EN DESARROLLO DE APLICACIONES WEB (LFP) (A DISTANCIA) ;122420033;A2;NO;13.5;SI;NO;0484;0487;0179;1709;0373;0485;0483;
4;49078084V;GSPCID24/00013;CIDEAD CENTRO INTEGRADO DE ENSEÑANZAS REG;28700519;TÉCNICO SUPERIOR EN DESARROLLO DE APLICACIONES WEB (LFP) (A DISTANCIA) ;122420033;A1;NO;13;SI;NO;0484;0179;0373;0485;0483;1708;
5;78523946Z;GSPCID24/00103;CIDEAD CENTRO INTEGRADO DE ENSEÑANZAS REG;28700519;TÉCNICO SUPERIOR EN DESARROLLO DE APLICACIONES WEB (LFP) (A DISTANCIA) ;122420033;B;NO;9;SI;NO;0484;0487;0373;0485;0483;1708;
1;Y8739678Z;GSPCID24/00143;CIDEAD CENTRO INTEGRADO DE ENSEÑANZAS REG;28700519;TÉCNICO SUPERIOR EN DESARROLLO DE APLICACIONES WEB (LFP) (A DISTANCIA) ;122420033;A1;NO;23.63;NO;NO;0484;0487;0179;1709;0373;0485;0483;
2;15422122R;GSPCID24/00819;CIDEAD CENTRO INTEGRADO DE ENSEÑANZAS REG;28700519;TÉCNICO SUPERIOR EN DESARROLLO DE APLICACIONES WEB (LFP) (A DISTANCIA) ;122420033;A1;NO;22.1;NO;NO;0484;0487;0179;1709;0373;0485;0483;1708;
3;23050618H;GSPCID24/00131;CIDEAD CENTRO INTEGRADO DE ENSEÑANZAS REG;28700519;TÉCNICO SUPERIOR EN DESARROLLO DE APLICACIONES WEB (LFP) (A DISTANCIA) ;122420033;A1;NO;21.8;NO;NO;0484;0487;0179;1709;0373;0485;0483;
4;03172279G;GSPCID24/00890;CIDEAD CENTRO INTEGRADO DE ENSEÑANZAS REG;28700519;TÉCNICO SUPERIOR EN DESARROLLO DE APLICACIONES WEB (LFP) (A DISTANCIA) ;122420033;A1;NO;21.56;NO;NO;0484;0487;0179;1709;0373;0485;0483;1708;
5;35486559C;GSPCID24/00146;CIDEAD CENTRO INTEGRADO DE ENSEÑANZAS REG;28700519;TÉCNICO SUPERIOR EN DESARROLLO DE APLICACIONES WEB (LFP) (A DISTANCIA) ;122420033;A1;NO;21.38;NO;NO;0484;0487;0179;1709;0373;0485;0483;1708;
6;02308044V;GSPCID24/00457;CIDEAD CENTRO INTEGRADO DE ENSEÑANZAS REG;28700519;TÉCNICO SUPERIOR EN DESARROLLO DE APLICACIONES WEB (LFP) (A DISTANCIA) ;122420033;A1;NO;20.89;NO;NO;0484;0487;0179;1709;0373;0485;0483;1708;
7;53987961S;GSPCID24/00465;CIDEAD CENTRO INTEGRADO DE ENSEÑANZAS REG;28700519;TÉCNICO SUPERIOR EN DESARROLLO DE APLICACIONES WEB (LFP) (A DISTANCIA) ;122420033;A1;NO;20.76;NO;NO;0484;0487;0179;1709;0373;0485;0483;1708;
8;32894424P;GSPCID24/00126;CIDEAD CENTRO INTEGRADO DE ENSEÑANZAS REG;28700519;TÉCNICO SUPERIOR EN DESARROLLO DE APLICACIONES WEB (LFP) (A DISTANCIA) ;122420033;A1;NO;20.42;NO;NO;0484;0487;0373;0485;0483;1708;
9;03175193C;GSPCID24/00524;CIDEAD CENTRO INTEGRADO DE ENSEÑANZAS REG;28700519;TÉCNICO SUPERIOR EN DESARROLLO DE APLICACIONES WEB (LFP) (A DISTANCIA) ;122420033;A1;NO;20.39;NO;NO;0484;0487;0179;1709;0373;0485;0483;1708;
10;70424293H;GSPCID24/00336;CIDEAD CENTRO INTEGRADO DE ENSEÑANZAS REG;28700519;TÉCNICO SUPERIOR EN DESARROLLO DE APLICACIONES WEB (LFP) (A DISTANCIA) ;122420033;A1;NO;20.35;NO;NO;0484;0487;0179;0373;0485;0483;
11;43162914X;GSPCID24/00620;CIDEAD CENTRO INTEGRADO DE ENSEÑANZAS REG;28700519;TÉCNICO SUPERIOR EN DESARROLLO DE APLICACIONES WEB (LFP) (A DISTANCIA) ;122420033;A1;NO;20.3;NO;NO;0487;0373;0483;1708;
12;70837176M;GSPCID24/00268;CIDEAD CENTRO INTEGRADO DE ENSEÑANZAS REG;28700519;TÉCNICO SUPERIOR EN DESARROLLO DE APLICACIONES WEB (LFP) (A DISTANCIA) ;122420033;A1;NO;20.12;NO;NO;0484;0487;0179;1709;0373;0485;0483;1708;
13;76644938Z;GSPCID24/00777;CIDEAD CENTRO INTEGRADO DE ENSEÑANZAS REG;28700519;TÉCNICO SUPERIOR EN DESARROLLO DE APLICACIONES WEB (LFP) (A DISTANCIA) ;122420033;A1;NO;20;NO;NO;0484;0487;0373;0485;0483;1708;
14;53733041G;GSPCID24/00368;CIDEAD CENTRO INTEGRADO DE ENSEÑANZAS REG;28700519;TÉCNICO SUPERIOR EN DESARROLLO DE APLICACIONES WEB (LFP) (A DISTANCIA) ;122420033;A1;NO;19.83;NO;NO;0179;0485;0483;
15;05982912Z;GSPCID24/00346;CIDEAD CENTRO INTEGRADO DE ENSEÑANZAS REG;28700519;TÉCNICO SUPERIOR EN DESARROLLO DE APLICACIONES WEB (LFP) (A DISTANCIA) ;122420033;A1;NO;19.39;NO;NO;0484;0487;0179;1709;0373;0485;0483;1708;
16;04847893E;GSPCID24/00253;CIDEAD CENTRO INTEGRADO DE ENSEÑANZAS REG;28700519;TÉCNICO SUPERIOR EN DESARROLLO DE APLICACIONES WEB (LFP) (A DISTANCIA) ;122420033;A1;NO;19;NO;NO;0484;0487;0179;1709;0373;0485;0483;1708;
17;52477966Q;GSPCID24/00149;CIDEAD CENTRO INTEGRADO DE ENSEÑANZAS REG;28700519;TÉCNICO SUPERIOR EN DESARROLLO DE APLICACIONES WEB (LFP) (A DISTANCIA) ;122420033;A1;NO;19;NO;NO;0484;0487;0179;1709;0373;0485;0483;1708;
18;44216565P;GSPCID24/00028;CIDEAD CENTRO INTEGRADO DE ENSEÑANZAS REG;28700519;TÉCNICO SUPERIOR EN DESARROLLO DE APLICACIONES WEB (LFP) (A DISTANCIA) ;122420033;A1;NO;19;NO;NO;0484;0487;0179;1709;0373;0485;0483;1708;
19;28938383J;GSPCID24/00142;CIDEAD CENTRO INTEGRADO DE ENSEÑANZAS REG;28700519;TÉCNICO SUPERIOR EN DESARROLLO DE APLICACIONES WEB (LFP) (A DISTANCIA) ;122420033;A1;NO;19;NO;NO;0484;0179;0485;0483;
20;32098203R;GSPCID24/00507;CIDEAD CENTRO INTEGRADO DE ENSEÑANZAS REG;28700519;TÉCNICO SUPERIOR EN DESARROLLO DE APLICACIONES WEB (LFP) (A DISTANCIA) ;122420033;A1;NO;17.43;NO;NO;0484;0487;0179;1709;0373;0485;0483;1708;
21;74742707K;GSPCID24/00797;CIDEAD CENTRO INTEGRADO DE ENSEÑANZAS REG;28700519;TÉCNICO SUPERIOR EN DESARROLLO DE APLICACIONES WEB (LFP) (A DISTANCIA) ;122420033;A1;NO;17.2;NO;NO;0484;0487;0179;1709;0373;0485;0483;1708;
22;Y9384535C;GSPCID24/00063;CIDEAD CENTRO INTEGRADO DE ENSEÑANZAS REG;28700519;TÉCNICO SUPERIOR EN DESARROLLO DE APLICACIONES WEB (LFP) (A DISTANCIA) ;122420033;A1;NO;16.81;NO;NO;0484;0487;0179;1709;0485;1708;
23;12842042S;GSPCID24/00822;CIDEAD CENTRO INTEGRADO DE ENSEÑANZAS REG;28700519;TÉCNICO SUPERIOR EN DESARROLLO DE APLICACIONES WEB (LFP) (A DISTANCIA) ;122420033;A1;NO;16.39;NO;NO;0487;0485;
24;73269941Z;GSPCID24/00240;CIDEAD CENTRO INTEGRADO DE ENSEÑANZAS REG;28700519;TÉCNICO SUPERIOR EN DESARROLLO DE APLICACIONES WEB (LFP) (A DISTANCIA) ;122420033;A1;NO;16.35;NO;NO;0484;0487;0179;1709;0373;0485;0483;
25;53256499E;GSPCID24/00359;CIDEAD CENTRO INTEGRADO DE ENSEÑANZAS REG;28700519;TÉCNICO SUPERIOR EN DESARROLLO DE APLICACIONES WEB (LFP) (A DISTANCIA) ;122420033;A1;NO;15.96;NO;NO;0484;0487;0179;1709;0373;0485;0483;1708;
26;45319331Q;GSPCID24/00562;CIDEAD CENTRO INTEGRADO DE ENSEÑANZAS REG;28700519;TÉCNICO SUPERIOR EN DESARROLLO DE APLICACIONES WEB (LFP) (A DISTANCIA) ;122420033;A1;NO;15.75;NO;NO;0484;0487;0179;1709;0373;0485;0483;1708;
27;50125855T;GSPCID24/00604;CIDEAD CENTRO INTEGRADO DE ENSEÑANZAS REG;28700519;TÉCNICO SUPERIOR EN DESARROLLO DE APLICACIONES WEB (LFP) (A DISTANCIA) ;122420033;A1;NO;15.69;NO;NO;0484;0487;0179;1709;0373;0485;0483;1708;
28;03182128D;GSPCID24/00293;CIDEAD CENTRO INTEGRADO DE ENSEÑANZAS REG;28700519;TÉCNICO SUPERIOR EN DESARROLLO DE APLICACIONES WEB (LFP) (A DISTANCIA) ;122420033;A1;NO;15.61;NO;NO;0484;0179;0485;1708;
29;30979218N;GSPCID24/00576;CIDEAD CENTRO INTEGRADO DE ENSEÑANZAS REG;28700519;TÉCNICO SUPERIOR EN DESARROLLO DE APLICACIONES WEB (LFP) (A DISTANCIA) ;122420033;A1;NO;15;NO;NO;0484;0487;0179;1709;0373;0485;0483;1708;
30;50892802N;GSPCID24/00667;CIDEAD CENTRO INTEGRADO DE ENSEÑANZAS REG;28700519;TÉCNICO SUPERIOR EN DESARROLLO DE APLICACIONES WEB (LFP) (A DISTANCIA) ;122420033;A1;NO;14.8;NO;NO;0484;0487;0179;1709;0373;0485;0483;1708;
31;Y0656176T;GSPCID24/00397;CIDEAD CENTRO INTEGRADO DE ENSEÑANZAS REG;28700519;TÉCNICO SUPERIOR EN DESARROLLO DE APLICACIONES WEB (LFP) (A DISTANCIA) ;122420033;A1;NO;14.65;NO;NO;0484;0485;
32;50106942Q;GSPCID24/00148;CIDEAD CENTRO INTEGRADO DE ENSEÑANZAS REG;28700519;TÉCNICO SUPERIOR EN DESARROLLO DE APLICACIONES WEB (LFP) (A DISTANCIA) ;122420033;A1;NO;14.6;NO;NO;0487;0483;1708;
33;47556285J;GSPCID24/00370;CIDEAD CENTRO INTEGRADO DE ENSEÑANZAS REG;28700519;TÉCNICO SUPERIOR EN DESARROLLO DE APLICACIONES WEB (LFP) (A DISTANCIA) ;122420033;A1;NO;14.42;NO;NO;0484;0487;0179;1709;0373;0485;0483;1708;
34;53488311V;GSPCID24/00302;CIDEAD CENTRO INTEGRADO DE ENSEÑANZAS REG;28700519;TÉCNICO SUPERIOR EN DESARROLLO DE APLICACIONES WEB (LFP) (A DISTANCIA) ;122420033;A1;NO;14.32;NO;NO;0484;0487;0179;0373;0485;0483;1708;
35;77394148E;GSPCID24/00743;CIDEAD CENTRO INTEGRADO DE ENSEÑANZAS REG;28700519;TÉCNICO SUPERIOR EN DESARROLLO DE APLICACIONES WEB (LFP) (A DISTANCIA) ;122420033;A1;NO;14.05;NO;NO;0179;0485;1708;
36;120302116;GSPCID24/00848;CIDEAD CENTRO INTEGRADO DE ENSEÑANZAS REG;28700519;TÉCNICO SUPERIOR EN DESARROLLO DE APLICACIONES WEB (LFP) (A DISTANCIA) ;122420033;A1;NO;14;NO;NO;0484;0487;0179;1709;0373;0485;0483;1708;
37;120302111;GSPCID24/00843;CIDEAD CENTRO INTEGRADO DE ENSEÑANZAS REG;28700519;TÉCNICO SUPERIOR EN DESARROLLO DE APLICACIONES WEB (LFP) (A DISTANCIA) ;122420033;A1;NO;14;NO;NO;0484;0487;0179;1709;0373;0485;0483;1708;
38;Y9635884W;GSPCID24/00334;CIDEAD CENTRO INTEGRADO DE ENSEÑANZAS REG;28700519;TÉCNICO SUPERIOR EN DESARROLLO DE APLICACIONES WEB (LFP) (A DISTANCIA) ;122420033;A1;NO;14;NO;NO;0484;0487;0373;0485;
39;72150954T;GSPCID24/00039;CIDEAD CENTRO INTEGRADO DE ENSEÑANZAS REG;28700519;TÉCNICO SUPERIOR EN DESARROLLO DE APLICACIONES WEB (LFP) (A DISTANCIA) ;122420033;A1;NO;13.88;NO;NO;0484;0487;0179;1709;0373;0485;0483;
40;21695057P;GSPCID24/00151;CIDEAD CENTRO INTEGRADO DE ENSEÑANZAS REG;28700519;TÉCNICO SUPERIOR EN DESARROLLO DE APLICACIONES WEB (LFP) (A DISTANCIA) ;122420033;A1;NO;13.79;NO;NO;0484;0487;0179;1709;0373;0485;0483;
41;54738807A;GSPCID24/00614;CIDEAD CENTRO INTEGRADO DE ENSEÑANZAS REG;28700519;TÉCNICO SUPERIOR EN DESARROLLO DE APLICACIONES WEB (LFP) (A DISTANCIA) ;122420033;A1;NO;13.74;NO;NO;0484;0487;0179;1709;0373;0485;0483;1708;
42;45886501Y;GSPCID24/00814;CIDEAD CENTRO INTEGRADO DE ENSEÑANZAS REG;28700519;TÉCNICO SUPERIOR EN DESARROLLO DE APLICACIONES WEB (LFP) (A DISTANCIA) ;122420033;A1;NO;13.7;NO;NO;0484;0487;0179;1709;0373;0485;0483;1708;
43;44074736C;GSPCID24/00304;CIDEAD CENTRO INTEGRADO DE ENSEÑANZAS REG;28700519;TÉCNICO SUPERIOR EN DESARROLLO DE APLICACIONES WEB (LFP) (A DISTANCIA) ;122420033;A1;NO;13.67;NO;NO;0487;0179;1709;0373;0485;0483;1708;
44;49014232J;GSPCID24/00751;CIDEAD CENTRO INTEGRADO DE ENSEÑANZAS REG;28700519;TÉCNICO SUPERIOR EN DESARROLLO DE APLICACIONES WEB (LFP) (A DISTANCIA) ;122420033;A1;NO;13.6;NO;NO;0484;0487;0179;1709;0373;0485;0483;1708;
45;23808468H;GSPCID24/00894;CIDEAD CENTRO INTEGRADO DE ENSEÑANZAS REG;28700519;TÉCNICO SUPERIOR EN DESARROLLO DE APLICACIONES WEB (LFP) (A DISTANCIA) ;122420033;A1;NO;13;NO;NO;0484;0487;0179;1709;0373;0485;0483;1708;
46;48884312C;GSPCID24/00598;CIDEAD CENTRO INTEGRADO DE ENSEÑANZAS REG;28700519;TÉCNICO SUPERIOR EN DESARROLLO DE APLICACIONES WEB (LFP) (A DISTANCIA) ;122420033;A1;NO;13;NO;NO;0484;0487;0179;1709;0373;0485;0483;1708;
47;45733640A;GSPCID24/00964;CIDEAD CENTRO INTEGRADO DE ENSEÑANZAS REG;28700519;TÉCNICO SUPERIOR EN DESARROLLO DE APLICACIONES WEB (LFP) (A DISTANCIA) ;122420033;A1;NO;13;NO;NO;0484;0487;0179;1709;0373;0485;0483;1708;
1;05307825T;GSPCID24/00767;CIDEAD CENTRO INTEGRADO DE ENSEÑANZAS REG;28700519;TÉCNICO SUPERIOR EN DESARROLLO DE APLICACIONES WEB (LFP) (A DISTANCIA) ;122420033;A2;NO;24;NO;NO;0484;0487;0179;1709;0373;0485;0483;1708;
2;79012241L;GSPCID24/00095;CIDEAD CENTRO INTEGRADO DE ENSEÑANZAS REG;28700519;TÉCNICO SUPERIOR EN DESARROLLO DE APLICACIONES WEB (LFP) (A DISTANCIA) ;122420033;A2;NO;23.86;NO;NO;0484;0487;0179;1709;0373;0485;0483;1708;
3;46698861Y;GSPCID24/00247;CIDEAD CENTRO INTEGRADO DE ENSEÑANZAS REG;28700519;TÉCNICO SUPERIOR EN DESARROLLO DE APLICACIONES WEB (LFP) (A DISTANCIA) ;122420033;A2;NO;21.94;NO;NO;0484;0487;
4;20451229C;GSPCID24/00428;CIDEAD CENTRO INTEGRADO DE ENSEÑANZAS REG;28700519;TÉCNICO SUPERIOR EN DESARROLLO DE APLICACIONES WEB (LFP) (A DISTANCIA) ;122420033;A2;NO;21.45;NO;NO;0484;0487;0179;0373;0485;0483;
5;53739158A;GSPCID24/00409;CIDEAD CENTRO INTEGRADO DE ENSEÑANZAS REG;28700519;TÉCNICO SUPERIOR EN DESARROLLO DE APLICACIONES WEB (LFP) (A DISTANCIA) ;122420033;A2;NO;20.73;NO;NO;0484;0487;0179;1709;0373;0485;0483;1708;
6;70884141G;GSPCID24/00213;CIDEAD CENTRO INTEGRADO DE ENSEÑANZAS REG;28700519;TÉCNICO SUPERIOR EN DESARROLLO DE APLICACIONES WEB (LFP) (A DISTANCIA) ;122420033;A2;NO;20;NO;NO;0484;0487;0179;1709;0373;0485;0483;1708;
7;30962144G;GSPCID24/00166;CIDEAD CENTRO INTEGRADO DE ENSEÑANZAS REG;28700519;TÉCNICO SUPERIOR EN DESARROLLO DE APLICACIONES WEB (LFP) (A DISTANCIA) ;122420033;A2;NO;20;NO;NO;0487;0179;1709;0373;0483;1708;
8;51428766F;GSPCID24/00904;CIDEAD CENTRO INTEGRADO DE ENSEÑANZAS REG;28700519;TÉCNICO SUPERIOR EN DESARROLLO DE APLICACIONES WEB (LFP) (A DISTANCIA) ;122420033;A2;NO;19.9;NO;NO;0484;0487;0179;1709;0373;0485;0483;1708;
9;71895004V;GSPCID24/00796;CIDEAD CENTRO INTEGRADO DE ENSEÑANZAS REG;28700519;TÉCNICO SUPERIOR EN DESARROLLO DE APLICACIONES WEB (LFP) (A DISTANCIA) ;122420033;A2;NO;19.84;NO;NO;0484;0487;0179;1709;0373;0485;0483;1708;
10;53473478L;GSPCID24/00074;CIDEAD CENTRO INTEGRADO DE ENSEÑANZAS REG;28700519;TÉCNICO SUPERIOR EN DESARROLLO DE APLICACIONES WEB (LFP) (A DISTANCIA) ;122420033;A2;NO;19.82;NO;NO;0487;0373;0485;0483;
11;53374623H;GSPCID24/00456;CIDEAD CENTRO INTEGRADO DE ENSEÑANZAS REG;28700519;TÉCNICO SUPERIOR EN DESARROLLO DE APLICACIONES WEB (LFP) (A DISTANCIA) ;122420033;A2;NO;19.69;NO;NO;0484;0487;0179;1709;0373;0485;0483;1708;
12;X6971432V;GSPCID24/00986;CIDEAD CENTRO INTEGRADO DE ENSEÑANZAS REG;28700519;TÉCNICO SUPERIOR EN DESARROLLO DE APLICACIONES WEB (LFP) (A DISTANCIA) ;122420033;A2;NO;19.38;NO;NO;0484;0487;0179;1709;0373;
13;29510544A;GSPCID24/00206;CIDEAD CENTRO INTEGRADO DE ENSEÑANZAS REG;28700519;TÉCNICO SUPERIOR EN DESARROLLO DE APLICACIONES WEB (LFP) (A DISTANCIA) ;122420033;A2;NO;19;NO;NO;0484;0487;0179;0373;0485;0483;1708;
14;30225885K;GSPCID24/00863;CIDEAD CENTRO INTEGRADO DE ENSEÑANZAS REG;28700519;TÉCNICO SUPERIOR EN DESARROLLO DE APLICACIONES WEB (LFP) (A DISTANCIA) ;122420033;A2;NO;19;NO;NO;0484;0487;0179;1709;0373;0485;0483;1708;
15;Y0171686M;GSPCID24/00960;CIDEAD CENTRO INTEGRADO DE ENSEÑANZAS REG;28700519;TÉCNICO SUPERIOR EN DESARROLLO DE APLICACIONES WEB (LFP) (A DISTANCIA) ;122420033;A2;NO;17.09;NO;NO;0484;0487;0179;1709;0373;0485;0483;1708;
16;71557724D;GSPCID24/00113;CIDEAD CENTRO INTEGRADO DE ENSEÑANZAS REG;28700519;TÉCNICO SUPERIOR EN DESARROLLO DE APLICACIONES WEB (LFP) (A DISTANCIA) ;122420033;A2;NO;16.6;NO;NO;0484;0487;0179;1709;0373;0485;0483;1708;
17;04865776B;GSPCID24/00593;CIDEAD CENTRO INTEGRADO DE ENSEÑANZAS REG;28700519;TÉCNICO SUPERIOR EN DESARROLLO DE APLICACIONES WEB (LFP) (A DISTANCIA) ;122420033;A2;NO;14.4;NO;NO;0484;0179;1709;0483;1708;
18;26530680L;GSPCID24/00933;CIDEAD CENTRO INTEGRADO DE ENSEÑANZAS REG;28700519;TÉCNICO SUPERIOR EN DESARROLLO DE APLICACIONES WEB (LFP) (A DISTANCIA) ;122420033;A2;NO;14.29;NO;NO;0484;0487;0179;1709;0373;0485;0483;1708;
19;53952781W;GSPCID24/00721;CIDEAD CENTRO INTEGRADO DE ENSEÑANZAS REG;28700519;TÉCNICO SUPERIOR EN DESARROLLO DE APLICACIONES WEB (LFP) (A DISTANCIA) ;122420033;A2;NO;14.29;NO;NO;0179;1709;1708;
20;29546189K;GSPCID24/00194;CIDEAD CENTRO INTEGRADO DE ENSEÑANZAS REG;28700519;TÉCNICO SUPERIOR EN DESARROLLO DE APLICACIONES WEB (LFP) (A DISTANCIA) ;122420033;A2;NO;14;NO;NO;0484;0487;0179;1709;0373;0485;0483;
21;X9105142V;GSPCID24/00753;CIDEAD CENTRO INTEGRADO DE ENSEÑANZAS REG;28700519;TÉCNICO SUPERIOR EN DESARROLLO DE APLICACIONES WEB (LFP) (A DISTANCIA) ;122420033;A2;NO;14;NO;NO;0484;
22;25191089V;GSPCID24/00001;CIDEAD CENTRO INTEGRADO DE ENSEÑANZAS REG;28700519;TÉCNICO SUPERIOR EN DESARROLLO DE APLICACIONES WEB (LFP) (A DISTANCIA) ;122420033;A2;NO;13.2;NO;NO;0484;0487;0179;1709;0373;0485;0483;1708;
23;74017404T;GSPCID24/00922;CIDEAD CENTRO INTEGRADO DE ENSEÑANZAS REG;28700519;TÉCNICO SUPERIOR EN DESARROLLO DE APLICACIONES WEB (LFP) (A DISTANCIA) ;122420033;A2;NO;13;NO;NO;0484;0487;0179;1709;0373;0485;0483;1708;
24;08817314B;GSPCID24/00378;CIDEAD CENTRO INTEGRADO DE ENSEÑANZAS REG;28700519;TÉCNICO SUPERIOR EN DESARROLLO DE APLICACIONES WEB (LFP) (A DISTANCIA) ;122420033;A2;NO;13;NO;NO;0484;0487;0179;0485;0483;
1;54088521L;GSPCID24/00077;CIDEAD CENTRO INTEGRADO DE ENSEÑANZAS REG;28700519;TÉCNICO SUPERIOR EN DESARROLLO DE APLICACIONES WEB (LFP) (A DISTANCIA) ;122420033;B;NO;17.07;NO;NO;0484;0487;0179;1709;0373;0485;0483;1708;
2;54150244X;GSPCID24/00794;CIDEAD CENTRO INTEGRADO DE ENSEÑANZAS REG;28700519;TÉCNICO SUPERIOR EN DESARROLLO DE APLICACIONES WEB (LFP) (A DISTANCIA) ;122420033;B;NO;17.06;NO;NO;0484;0487;0179;1709;0373;0485;0483;1708;
3;77346818A;GSPCID24/00251;CIDEAD CENTRO INTEGRADO DE ENSEÑANZAS REG;28700519;TÉCNICO SUPERIOR EN DESARROLLO DE APLICACIONES WEB (LFP) (A DISTANCIA) ;122420033;B;NO;16.99;NO;NO;0484;0487;0179;1709;0373;0485;0483;1708;
4;54096138T;GSPCID24/00117;CIDEAD CENTRO INTEGRADO DE ENSEÑANZAS REG;28700519;TÉCNICO SUPERIOR EN DESARROLLO DE APLICACIONES WEB (LFP) (A DISTANCIA) ;122420033;B;NO;16.9;NO;NO;0485;
5;71742318M;GSPCID24/00275;CIDEAD CENTRO INTEGRADO DE ENSEÑANZAS REG;28700519;TÉCNICO SUPERIOR EN DESARROLLO DE APLICACIONES WEB (LFP) (A DISTANCIA) ;122420033;B;NO;16.87;NO;NO;0484;0487;0179;1709;0373;0485;0483;1708;
6;71328112Y;GSPCID24/00624;CIDEAD CENTRO INTEGRADO DE ENSEÑANZAS REG;28700519;TÉCNICO SUPERIOR EN DESARROLLO DE APLICACIONES WEB (LFP) (A DISTANCIA) ;122420033;B;NO;16.71;NO;NO;0484;0487;0179;1709;0373;0485;0483;
7;X7691277P;GSPCID24/00744;CIDEAD CENTRO INTEGRADO DE ENSEÑANZAS REG;28700519;TÉCNICO SUPERIOR EN DESARROLLO DE APLICACIONES WEB (LFP) (A DISTANCIA) ;122420033;B;NO;16.6;NO;NO;0484;
8;23273749A;GSPCID24/00970;CIDEAD CENTRO INTEGRADO DE ENSEÑANZAS REG;28700519;TÉCNICO SUPERIOR EN DESARROLLO DE APLICACIONES WEB (LFP) (A DISTANCIA) ;122420033;B;NO;16.1;NO;NO;0484;0487;0179;1709;0373;0485;0483;1708;
9;48978287V;GSPCID24/00209;CIDEAD CENTRO INTEGRADO DE ENSEÑANZAS REG;28700519;TÉCNICO SUPERIOR EN DESARROLLO DE APLICACIONES WEB (LFP) (A DISTANCIA) ;122420033;B;NO;16.09;NO;NO;0484;0487;0179;1709;0373;0485;0483;1708;
10;20091814A;GSPCID24/00244;CIDEAD CENTRO INTEGRADO DE ENSEÑANZAS REG;28700519;TÉCNICO SUPERIOR EN DESARROLLO DE APLICACIONES WEB (LFP) (A DISTANCIA) ;122420033;B;NO;16.08;NO;NO;0484;0487;0179;1709;0373;0485;0483;
11;25717086G;GSPCID24/00415;CIDEAD CENTRO INTEGRADO DE ENSEÑANZAS REG;28700519;TÉCNICO SUPERIOR EN DESARROLLO DE APLICACIONES WEB (LFP) (A DISTANCIA) ;122420033;B;NO;15.91;NO;NO;0484;0487;0179;0373;0485;0483;
12;53021727B;GSPCID24/00185;CIDEAD CENTRO INTEGRADO DE ENSEÑANZAS REG;28700519;TÉCNICO SUPERIOR EN DESARROLLO DE APLICACIONES WEB (LFP) (A DISTANCIA) ;122420033;B;NO;15.75;NO;NO;0484;0487;0179;0373;0485;0483;1708;
13;47529595A;GSPCID24/00281;CIDEAD CENTRO INTEGRADO DE ENSEÑANZAS REG;28700519;TÉCNICO SUPERIOR EN DESARROLLO DE APLICACIONES WEB (LFP) (A DISTANCIA) ;122420033;B;NO;15.71;NO;NO;0484;0487;0179;1709;0373;0485;0483;1708;
14;71017063D;GSPCID24/00261;CIDEAD CENTRO INTEGRADO DE ENSEÑANZAS REG;28700519;TÉCNICO SUPERIOR EN DESARROLLO DE APLICACIONES WEB (LFP) (A DISTANCIA) ;122420033;B;NO;15.3;NO;NO;0484;0485;0483;
15;53543696H;GSPCID24/00187;CIDEAD CENTRO INTEGRADO DE ENSEÑANZAS REG;28700519;TÉCNICO SUPERIOR EN DESARROLLO DE APLICACIONES WEB (LFP) (A DISTANCIA) ;122420033;B;NO;15.08;NO;NO;0484;0487;0179;1709;0373;0485;0483;1708;
16;28956160B;GSPCID24/00072;CIDEAD CENTRO INTEGRADO DE ENSEÑANZAS REG;28700519;TÉCNICO SUPERIOR EN DESARROLLO DE APLICACIONES WEB (LFP) (A DISTANCIA) ;122420033;B;NO;15;NO;NO;0484;0485;
17;25165749T;GSPCID24/00551;CIDEAD CENTRO INTEGRADO DE ENSEÑANZAS REG;28700519;TÉCNICO SUPERIOR EN DESARROLLO DE APLICACIONES WEB (LFP) (A DISTANCIA) ;122420033;B;NO;15;NO;NO;0484;0487;0179;1709;0373;0485;0483;1708;
18;76622163D;GSPCID24/00984;CIDEAD CENTRO INTEGRADO DE ENSEÑANZAS REG;28700519;TÉCNICO SUPERIOR EN DESARROLLO DE APLICACIONES WEB (LFP) (A DISTANCIA) ;122420033;B;NO;15;NO;NO;0373;0485;1708;
19;07986902Z;GSPCID24/00403;CIDEAD CENTRO INTEGRADO DE ENSEÑANZAS REG;28700519;TÉCNICO SUPERIOR EN DESARROLLO DE APLICACIONES WEB (LFP) (A DISTANCIA) ;122420033;B;NO;15;NO;NO;0484;0487;0179;0373;0485;0483;
20;47555051K;GSPCID24/00700;CIDEAD CENTRO INTEGRADO DE ENSEÑANZAS REG;28700519;TÉCNICO SUPERIOR EN DESARROLLO DE APLICACIONES WEB (LFP) (A DISTANCIA) ;122420033;B;NO;14.07;NO;NO;0484;0487;0179;1709;0373;0485;0483;1708;
21;575292884;GSPCID24/00803;CIDEAD CENTRO INTEGRADO DE ENSEÑANZAS REG;28700519;TÉCNICO SUPERIOR EN DESARROLLO DE APLICACIONES WEB (LFP) (A DISTANCIA) ;122420033;B;NO;12.7;NO;NO;0484;0487;0179;1709;0485;0483;1708;
22;75881658N;GSPCID24/00391;CIDEAD CENTRO INTEGRADO DE ENSEÑANZAS REG;28700519;TÉCNICO SUPERIOR EN DESARROLLO DE APLICACIONES WEB (LFP) (A DISTANCIA) ;122420033;B;NO;12.12;NO;NO;0484;0487;0179;0373;0485;0483;
23;34276755Q;GSPCID24/00921;CIDEAD CENTRO INTEGRADO DE ENSEÑANZAS REG;28700519;TÉCNICO SUPERIOR EN DESARROLLO DE APLICACIONES WEB (LFP) (A DISTANCIA) ;122420033;B;NO;11.97;NO;NO;0484;0487;0179;1709;0373;0485;0483;1708;
24;48441238H;GSPCID24/00927;CIDEAD CENTRO INTEGRADO DE ENSEÑANZAS REG;28700519;TÉCNICO SUPERIOR EN DESARROLLO DE APLICACIONES WEB (LFP) (A DISTANCIA) ;122420033;B;NO;10.68;NO;NO;0484;0487;1709;0373;0485;0483;1708;
25;54738547L;GSPCID24/00918;CIDEAD CENTRO INTEGRADO DE ENSEÑANZAS REG;28700519;TÉCNICO SUPERIOR EN DESARROLLO DE APLICACIONES WEB (LFP) (A DISTANCIA) ;122420033;B;NO;10.52;NO;NO;0485;
26;47985202A;GSPCID24/00324;CIDEAD CENTRO INTEGRADO DE ENSEÑANZAS REG;28700519;TÉCNICO SUPERIOR EN DESARROLLO DE APLICACIONES WEB (LFP) (A DISTANCIA) ;122420033;B;NO;10.22;NO;NO;0484;0487;0179;1709;0373;0485;0483;1708;
27;X5558745J;GSPCID24/00722;CIDEAD CENTRO INTEGRADO DE ENSEÑANZAS REG;28700519;TÉCNICO SUPERIOR EN DESARROLLO DE APLICACIONES WEB (LFP) (A DISTANCIA) ;122420033;B;NO;10;NO;NO;0485;
28;48993434F;GSPCID24/00563;CIDEAD CENTRO INTEGRADO DE ENSEÑANZAS REG;28700519;TÉCNICO SUPERIOR EN DESARROLLO DE APLICACIONES WEB (LFP) (A DISTANCIA) ;122420033;B;NO;9.13;NO;NO;0484;0487;0179;1709;0373;0485;0483;1708;
29;28750208R;GSPCID24/00469;CIDEAD CENTRO INTEGRADO DE ENSEÑANZAS REG;28700519;TÉCNICO SUPERIOR EN DESARROLLO DE APLICACIONES WEB (LFP) (A DISTANCIA) ;122420033;B;NO;9.06;NO;NO;0484;0487;0179;1709;0373;0485;0483;
30;74017705W;GSPCID24/00750;CIDEAD CENTRO INTEGRADO DE ENSEÑANZAS REG;28700519;TÉCNICO SUPERIOR EN DESARROLLO DE APLICACIONES WEB (LFP) (A DISTANCIA) ;122420033;B;NO;9;NO;NO;0484;0487;0179;1709;0373;0485;0483;1708;
31;X8397761R;GSPCID24/00189;CIDEAD CENTRO INTEGRADO DE ENSEÑANZAS REG;28700519;TÉCNICO SUPERIOR EN DESARROLLO DE APLICACIONES WEB (LFP) (A DISTANCIA) ;122420033;B;NO;9;NO;NO;0484;0487;1709;0373;0485;0483;1708;
1;51499769D;GSPCID24/00830;CIDEAD CENTRO INTEGRADO DE ENSEÑANZAS REG;28700519;TÉCNICO SUPERIOR EN DESARROLLO DE APLICACIONES WEB (LFP) (A DISTANCIA) ;122420033;C;NO;19.46;NO;NO;0484;0487;0179;1709;0373;0485;0483;1708;
2;48821749V;GSPCID24/00899;CIDEAD CENTRO INTEGRADO DE ENSEÑANZAS REG;28700519;TÉCNICO SUPERIOR EN DESARROLLO DE APLICACIONES WEB (LFP) (A DISTANCIA) ;122420033;C;NO;19.15;NO;NO;0484;0487;0179;1709;0373;0485;0483;1708;
3;78854560A;GSPCID24/00228;CIDEAD CENTRO INTEGRADO DE ENSEÑANZAS REG;28700519;TÉCNICO SUPERIOR EN DESARROLLO DE APLICACIONES WEB (LFP) (A DISTANCIA) ;122420033;C;NO;19.08;NO;NO;0484;0487;0179;1709;0373;0485;0483;1708;
4;46897185R;GSPCID24/00816;CIDEAD CENTRO INTEGRADO DE ENSEÑANZAS REG;28700519;TÉCNICO SUPERIOR EN DESARROLLO DE APLICACIONES WEB (LFP) (A DISTANCIA) ;122420033;C;NO;18.77;NO;NO;0484;0487;0179;0373;0485;0483;
5;Y8651854G;GSPCID24/00931;CIDEAD CENTRO INTEGRADO DE ENSEÑANZAS REG;28700519;TÉCNICO SUPERIOR EN DESARROLLO DE APLICACIONES WEB (LFP) (A DISTANCIA) ;122420033;C;NO;18.77;NO;NO;0484;0487;0179;1709;0373;0485;0483;1708;
6;71271439M;GSPCID24/00136;CIDEAD CENTRO INTEGRADO DE ENSEÑANZAS REG;28700519;TÉCNICO SUPERIOR EN DESARROLLO DE APLICACIONES WEB (LFP) (A DISTANCIA) ;122420033;C;NO;18.69;NO;NO;0484;0487;0179;0373;0485;0483;1708;
7;Y4956180Q;GSPCID24/00513;CIDEAD CENTRO INTEGRADO DE ENSEÑANZAS REG;28700519;TÉCNICO SUPERIOR EN DESARROLLO DE APLICACIONES WEB (LFP) (A DISTANCIA) ;122420033;C;NO;18.5;NO;NO;0484;0487;0179;1709;0373;0485;0483;1708;
8;30689593A;GSPCID24/00754;CIDEAD CENTRO INTEGRADO DE ENSEÑANZAS REG;28700519;TÉCNICO SUPERIOR EN DESARROLLO DE APLICACIONES WEB (LFP) (A DISTANCIA) ;122420033;C;NO;18.38;NO;NO;0484;0487;0179;1709;0373;0485;0483;1708;
9;70850882A;GSPCID24/00167;CIDEAD CENTRO INTEGRADO DE ENSEÑANZAS REG;28700519;TÉCNICO SUPERIOR EN DESARROLLO DE APLICACIONES WEB (LFP) (A DISTANCIA) ;122420033;C;NO;18.38;NO;NO;0487;0179;0485;
10;77535393R;GSPCID24/00065;CIDEAD CENTRO INTEGRADO DE ENSEÑANZAS REG;28700519;TÉCNICO SUPERIOR EN DESARROLLO DE APLICACIONES WEB (LFP) (A DISTANCIA) ;122420033;C;NO;18.25;NO;NO;0484;1708;
11;32073741B;GSPCID24/00343;CIDEAD CENTRO INTEGRADO DE ENSEÑANZAS REG;28700519;TÉCNICO SUPERIOR EN DESARROLLO DE APLICACIONES WEB (LFP) (A DISTANCIA) ;122420033;C;NO;18.23;NO;NO;0484;0487;0179;0373;0485;0483;
12;14313931L;GSPCID24/00699;CIDEAD CENTRO INTEGRADO DE ENSEÑANZAS REG;28700519;TÉCNICO SUPERIOR EN DESARROLLO DE APLICACIONES WEB (LFP) (A DISTANCIA) ;122420033;C;NO;17.86;NO;NO;0484;0487;0179;1709;0373;0485;0483;1708;
13;44605028R;GSPCID24/00540;CIDEAD CENTRO INTEGRADO DE ENSEÑANZAS REG;28700519;TÉCNICO SUPERIOR EN DESARROLLO DE APLICACIONES WEB (LFP) (A DISTANCIA) ;122420033;C;NO;17.4;NO;NO;0487;1708;
14;05697580C;GSPCID24/00572;CIDEAD CENTRO INTEGRADO DE ENSEÑANZAS REG;28700519;TÉCNICO SUPERIOR EN DESARROLLO DE APLICACIONES WEB (LFP) (A DISTANCIA) ;122420033;C;NO;17.38;NO;NO;0484;0487;0179;1709;0373;0485;0483;1708;
15;48121980T;GSPCID24/00766;CIDEAD CENTRO INTEGRADO DE ENSEÑANZAS REG;28700519;TÉCNICO SUPERIOR EN DESARROLLO DE APLICACIONES WEB (LFP) (A DISTANCIA) ;122420033;C;NO;16.62;NO;NO;0484;0487;0179;1709;0373;0485;0483;1708;
16;51450882C;GSPCID24/00314;CIDEAD CENTRO INTEGRADO DE ENSEÑANZAS REG;28700519;TÉCNICO SUPERIOR EN DESARROLLO DE APLICACIONES WEB (LFP) (A DISTANCIA) ;122420033;C;NO;16.3;NO;NO;0484;0179;0373;0485;
17;48565244P;GSPCID24/00975;CIDEAD CENTRO INTEGRADO DE ENSEÑANZAS REG;28700519;TÉCNICO SUPERIOR EN DESARROLLO DE APLICACIONES WEB (LFP) (A DISTANCIA) ;122420033;C;NO;15.7;NO;NO;0484;0487;0485;
18;45088217Y;GSPCID24/00646;CIDEAD CENTRO INTEGRADO DE ENSEÑANZAS REG;28700519;TÉCNICO SUPERIOR EN DESARROLLO DE APLICACIONES WEB (LFP) (A DISTANCIA) ;122420033;C;NO;15;NO;NO;0484;0373;0483;
19;48935096C;GSPCID24/00053;CIDEAD CENTRO INTEGRADO DE ENSEÑANZAS REG;28700519;TÉCNICO SUPERIOR EN DESARROLLO DE APLICACIONES WEB (LFP) (A DISTANCIA) ;122420033;C;NO;15;NO;NO;0484;0485;
20;47074754X;GSPCID24/00383;CIDEAD CENTRO INTEGRADO DE ENSEÑANZAS REG;28700519;TÉCNICO SUPERIOR EN DESARROLLO DE APLICACIONES WEB (LFP) (A DISTANCIA) ;122420033;C;NO;15;NO;NO;0484;0487;0179;0373;0485;0483;
21;25676017J;GSPCID24/00420;CIDEAD CENTRO INTEGRADO DE ENSEÑANZAS REG;28700519;TÉCNICO SUPERIOR EN DESARROLLO DE APLICACIONES WEB (LFP) (A DISTANCIA) ;122420033;C;NO;15;NO;NO;0484;0485;0483;
22;76067395R;GSPCID24/00836;CIDEAD CENTRO INTEGRADO DE ENSEÑANZAS REG;28700519;TÉCNICO SUPERIOR EN DESARROLLO DE APLICACIONES WEB (LFP) (A DISTANCIA) ;122420033;C;NO;14.92;NO;NO;0484;0487;0179;1709;0373;0485;0483;1708;
23;49282850Z;GSPCID24/00382;CIDEAD CENTRO INTEGRADO DE ENSEÑANZAS REG;28700519;TÉCNICO SUPERIOR EN DESARROLLO DE APLICACIONES WEB (LFP) (A DISTANCIA) ;122420033;C;NO;12.91;NO;NO;0484;0487;0179;1709;0373;0485;0483;1708;
24;54120464S;GSPCID24/00660;CIDEAD CENTRO INTEGRADO DE ENSEÑANZAS REG;28700519;TÉCNICO SUPERIOR EN DESARROLLO DE APLICACIONES WEB (LFP) (A DISTANCIA) ;122420033;C;NO;12.19;NO;NO;0484;0487;0179;1709;0373;0485;0483;1708;
25;14636000L;GSPCID24/00745;CIDEAD CENTRO INTEGRADO DE ENSEÑANZAS REG;28700519;TÉCNICO SUPERIOR EN DESARROLLO DE APLICACIONES WEB (LFP) (A DISTANCIA) ;122420033;C;NO;12.17;NO;NO;0484;0487;0373;0485;0483;
26;Y5027120R;GSPCID24/00203;CIDEAD CENTRO INTEGRADO DE ENSEÑANZAS REG;28700519;TÉCNICO SUPERIOR EN DESARROLLO DE APLICACIONES WEB (LFP) (A DISTANCIA) ;122420033;C;NO;11.62;NO;NO;0484;0487;0179;1709;0373;0485;0483;1708;
27;77858688P;GSPCID24/00010;CIDEAD CENTRO INTEGRADO DE ENSEÑANZAS REG;28700519;TÉCNICO SUPERIOR EN DESARROLLO DE APLICACIONES WEB (LFP) (A DISTANCIA) ;122420033;C;NO;11.54;NO;NO;0484;0487;0179;1709;0373;0485;0483;
28;47593159H;GSPCID24/00155;CIDEAD CENTRO INTEGRADO DE ENSEÑANZAS REG;28700519;TÉCNICO SUPERIOR EN DESARROLLO DE APLICACIONES WEB (LFP) (A DISTANCIA) ;122420033;C;NO;11.54;NO;NO;0484;0487;0179;1709;0373;0485;0483;
29;22754198E;GSPCID24/00004;CIDEAD CENTRO INTEGRADO DE ENSEÑANZAS REG;28700519;TÉCNICO SUPERIOR EN DESARROLLO DE APLICACIONES WEB (LFP) (A DISTANCIA) ;122420033;C;NO;11.5;NO;NO;0484;0487;0373;0485;
30;53933330D;GSPCID24/00742;CIDEAD CENTRO INTEGRADO DE ENSEÑANZAS REG;28700519;TÉCNICO SUPERIOR EN DESARROLLO DE APLICACIONES WEB (LFP) (A DISTANCIA) ;122420033;C;NO;11.23;NO;NO;0484;0487;0179;1709;0373;0485;0483;1708;
31;52880056C;GSPCID24/00440;CIDEAD CENTRO INTEGRADO DE ENSEÑANZAS REG;28700519;TÉCNICO SUPERIOR EN DESARROLLO DE APLICACIONES WEB (LFP) (A DISTANCIA) ;122420033;C;NO;11;NO;NO;0484;0487;0179;1709;0373;0485;0483;1708;
32;77237275D;GSPCID24/00808;CIDEAD CENTRO INTEGRADO DE ENSEÑANZAS REG;28700519;TÉCNICO SUPERIOR EN DESARROLLO DE APLICACIONES WEB (LFP) (A DISTANCIA) ;122420033;C;NO;10.62;NO;NO;0484;0487;0179;1709;0373;0485;0483;1708;
33;77807435E;GSPCID24/00844;CIDEAD CENTRO INTEGRADO DE ENSEÑANZAS REG;28700519;TÉCNICO SUPERIOR EN DESARROLLO DE APLICACIONES WEB (LFP) (A DISTANCIA) ;122420033;C;NO;10;NO;NO;0487;0179;
34;73083188K;GSPCID24/00548;CIDEAD CENTRO INTEGRADO DE ENSEÑANZAS REG;28700519;TÉCNICO SUPERIOR EN DESARROLLO DE APLICACIONES WEB (LFP) (A DISTANCIA) ;122420033;C;NO;9.9;NO;NO;0487;0179;0373;0483;
35;51469314Y;GSPCID24/00351;CIDEAD CENTRO INTEGRADO DE ENSEÑANZAS REG;28700519;TÉCNICO SUPERIOR EN DESARROLLO DE APLICACIONES WEB (LFP) (A DISTANCIA) ;122420033;C;NO;9.7;NO;NO;0484;0487;0373;0485;0483;1708;
36;33997642P;GSPCID24/00801;CIDEAD CENTRO INTEGRADO DE ENSEÑANZAS REG;28700519;TÉCNICO SUPERIOR EN DESARROLLO DE APLICACIONES WEB (LFP) (A DISTANCIA) ;122420033;C;NO;9;NO;NO;0487;1709;0373;0485;
37;46919722K;GSPCID24/00201;CIDEAD CENTRO INTEGRADO DE ENSEÑANZAS REG;28700519;TÉCNICO SUPERIOR EN DESARROLLO DE APLICACIONES WEB (LFP) (A DISTANCIA) ;122420033;C;NO;9;NO;NO;0484;0487;0179;1709;0373;0485;0483;
1;60339327T;GSPCID24/00024;CIDEAD CENTRO INTEGRADO DE ENSEÑANZAS REG;28700519;TÉCNICO SUPERIOR EN EFICIENCIA ENERGÉTICA Y ENERGÍA SOLAR TÉRMICA (LFP) (A DISTANCIA) ;122411013;A1;NO;21.45;NO;NO;0349;0121;0122;0123;0179;1709;0354;1708;
2;71906010Y;GSPCID24/00480;CIDEAD CENTRO INTEGRADO DE ENSEÑANZAS REG;28700519;TÉCNICO SUPERIOR EN EFICIENCIA ENERGÉTICA Y ENERGÍA SOLAR TÉRMICA (LFP) (A DISTANCIA) ;122411013;A1;NO;20.11;NO;NO;0179;
3;33522223E;GSPCID24/00954;CIDEAD CENTRO INTEGRADO DE ENSEÑANZAS REG;28700519;TÉCNICO SUPERIOR EN EFICIENCIA ENERGÉTICA Y ENERGÍA SOLAR TÉRMICA (LFP) (A DISTANCIA) ;122411013;A1;NO;19.3;NO;NO;0349;0121;0122;0123;0179;1709;0354;1708;
4;50629243X;GSPCID24/00940;CIDEAD CENTRO INTEGRADO DE ENSEÑANZAS REG;28700519;TÉCNICO SUPERIOR EN EFICIENCIA ENERGÉTICA Y ENERGÍA SOLAR TÉRMICA (LFP) (A DISTANCIA) ;122411013;A1;NO;19;NO;NO;0349;0121;0122;0123;1709;0354;1708;
5;43547919H;GSPCID24/00552;CIDEAD CENTRO INTEGRADO DE ENSEÑANZAS REG;28700519;TÉCNICO SUPERIOR EN EFICIENCIA ENERGÉTICA Y ENERGÍA SOLAR TÉRMICA (LFP) (A DISTANCIA) ;122411013;A1;NO;19;NO;NO;0349;0121;0122;0123;0179;1709;0354;1708;
6;77837396Z;GSPCID24/00111;CIDEAD CENTRO INTEGRADO DE ENSEÑANZAS REG;28700519;TÉCNICO SUPERIOR EN EFICIENCIA ENERGÉTICA Y ENERGÍA SOLAR TÉRMICA (LFP) (A DISTANCIA) ;122411013;A1;NO;16.44;NO;NO;0121;0122;0123;0179;
7;32073742N;GSPCID24/00881;CIDEAD CENTRO INTEGRADO DE ENSEÑANZAS REG;28700519;TÉCNICO SUPERIOR EN EFICIENCIA ENERGÉTICA Y ENERGÍA SOLAR TÉRMICA (LFP) (A DISTANCIA) ;122411013;A1;NO;14;NO;NO;0349;0121;0122;0123;0179;1709;0354;1708;
8;45102838E;GSPCID24/00629;CIDEAD CENTRO INTEGRADO DE ENSEÑANZAS REG;28700519;TÉCNICO SUPERIOR EN EFICIENCIA ENERGÉTICA Y ENERGÍA SOLAR TÉRMICA (LFP) (A DISTANCIA) ;122411013;A1;NO;13.67;NO;NO;0349;0121;0122;0123;0179;1709;0354;1708;
1;50977020G;GSPCID24/00164;CIDEAD CENTRO INTEGRADO DE ENSEÑANZAS REG;28700519;TÉCNICO SUPERIOR EN EFICIENCIA ENERGÉTICA Y ENERGÍA SOLAR TÉRMICA (LFP) (A DISTANCIA) ;122411013;A2;NO;22.75;NO;NO;0349;
2;76822516D;GSPCID24/00663;CIDEAD CENTRO INTEGRADO DE ENSEÑANZAS REG;28700519;TÉCNICO SUPERIOR EN EFICIENCIA ENERGÉTICA Y ENERGÍA SOLAR TÉRMICA (LFP) (A DISTANCIA) ;122411013;A2;NO;22.6;NO;NO;0121;0123;0179;
3;71531232J;GSPCID24/00588;CIDEAD CENTRO INTEGRADO DE ENSEÑANZAS REG;28700519;TÉCNICO SUPERIOR EN EFICIENCIA ENERGÉTICA Y ENERGÍA SOLAR TÉRMICA (LFP) (A DISTANCIA) ;122411013;A2;NO;22.36;NO;NO;0349;0121;0122;0123;0179;1709;0354;1708;
4;48582452N;GSPCID24/00377;CIDEAD CENTRO INTEGRADO DE ENSEÑANZAS REG;28700519;TÉCNICO SUPERIOR EN EFICIENCIA ENERGÉTICA Y ENERGÍA SOLAR TÉRMICA (LFP) (A DISTANCIA) ;122411013;A2;NO;21.4;NO;NO;0349;0121;0122;0123;0179;1709;0354;1708;
5;50966842S;GSPCID24/00976;CIDEAD CENTRO INTEGRADO DE ENSEÑANZAS REG;28700519;TÉCNICO SUPERIOR EN EFICIENCIA ENERGÉTICA Y ENERGÍA SOLAR TÉRMICA (LFP) (A DISTANCIA) ;122411013;A2;NO;20.36;NO;NO;0349;0121;0122;0123;0179;1709;0354;1708;
6;77703002D;GSPCID24/00979;CIDEAD CENTRO INTEGRADO DE ENSEÑANZAS REG;28700519;TÉCNICO SUPERIOR EN EFICIENCIA ENERGÉTICA Y ENERGÍA SOLAR TÉRMICA (LFP) (A DISTANCIA) ;122411013;A2;NO;19.91;NO;NO;0349;0121;0122;0179;1709;
7;23066703A;GSPCID24/00104;CIDEAD CENTRO INTEGRADO DE ENSEÑANZAS REG;28700519;TÉCNICO SUPERIOR EN EFICIENCIA ENERGÉTICA Y ENERGÍA SOLAR TÉRMICA (LFP) (A DISTANCIA) ;122411013;A2;NO;19.7;NO;NO;0349;0121;0122;0123;0179;1709;0354;
8;33298978S;GSPCID24/00093;CIDEAD CENTRO INTEGRADO DE ENSEÑANZAS REG;28700519;TÉCNICO SUPERIOR EN EFICIENCIA ENERGÉTICA Y ENERGÍA SOLAR TÉRMICA (LFP) (A DISTANCIA) ;122411013;A2;NO;14.11;NO;NO;0349;0121;0122;0123;0179;1709;0354;
9;47751512Q;GSPCID24/00962;CIDEAD CENTRO INTEGRADO DE ENSEÑANZAS REG;28700519;TÉCNICO SUPERIOR EN EFICIENCIA ENERGÉTICA Y ENERGÍA SOLAR TÉRMICA (LFP) (A DISTANCIA) ;122411013;A2;NO;13.74;NO;NO;0349;0121;0122;0123;0179;1709;0354;1708;
1;78720220Y;GSPCID24/00826;CIDEAD CENTRO INTEGRADO DE ENSEÑANZAS REG;28700519;TÉCNICO SUPERIOR EN EFICIENCIA ENERGÉTICA Y ENERGÍA SOLAR TÉRMICA (LFP) (A DISTANCIA) ;122411013;B;NO;18.4;NO;NO;0349;0121;0122;0123;0179;1709;0354;1708;
2;48541740X;GSPCID24/00171;CIDEAD CENTRO INTEGRADO DE ENSEÑANZAS REG;28700519;TÉCNICO SUPERIOR EN EFICIENCIA ENERGÉTICA Y ENERGÍA SOLAR TÉRMICA (LFP) (A DISTANCIA) ;122411013;B;NO;17.35;NO;NO;0349;0121;0122;0123;0179;1709;0354;1708;
3;50079335D;GSPCID24/00034;CIDEAD CENTRO INTEGRADO DE ENSEÑANZAS REG;28700519;TÉCNICO SUPERIOR EN EFICIENCIA ENERGÉTICA Y ENERGÍA SOLAR TÉRMICA (LFP) (A DISTANCIA) ;122411013;B;NO;16.84;NO;NO;0349;0121;0122;0123;0179;1709;0354;1708;
4;44871210G;GSPCID24/00664;CIDEAD CENTRO INTEGRADO DE ENSEÑANZAS REG;28700519;TÉCNICO SUPERIOR EN EFICIENCIA ENERGÉTICA Y ENERGÍA SOLAR TÉRMICA (LFP) (A DISTANCIA) ;122411013;B;NO;16.75;NO;NO;0349;0121;0122;0123;0179;1709;0354;1708;
5;53632052P;GSPCID24/00326;CIDEAD CENTRO INTEGRADO DE ENSEÑANZAS REG;28700519;TÉCNICO SUPERIOR EN EFICIENCIA ENERGÉTICA Y ENERGÍA SOLAR TÉRMICA (LFP) (A DISTANCIA) ;122411013;B;NO;16.48;NO;NO;0349;0121;0122;0123;0179;1709;0354;1708;
6;76950074D;GSPCID24/00612;CIDEAD CENTRO INTEGRADO DE ENSEÑANZAS REG;28700519;TÉCNICO SUPERIOR EN EFICIENCIA ENERGÉTICA Y ENERGÍA SOLAR TÉRMICA (LFP) (A DISTANCIA) ;122411013;B;NO;16.12;NO;NO;0349;0121;0122;0123;0179;1709;0354;1708;
7;51683993A;GSPCID24/00191;CIDEAD CENTRO INTEGRADO DE ENSEÑANZAS REG;28700519;TÉCNICO SUPERIOR EN EFICIENCIA ENERGÉTICA Y ENERGÍA SOLAR TÉRMICA (LFP) (A DISTANCIA) ;122411013;B;NO;15.32;NO;NO;0349;0354;
8;72403022B;GSPCID24/00483;CIDEAD CENTRO INTEGRADO DE ENSEÑANZAS REG;28700519;TÉCNICO SUPERIOR EN EFICIENCIA ENERGÉTICA Y ENERGÍA SOLAR TÉRMICA (LFP) (A DISTANCIA) ;122411013;B;NO;10.46;NO;NO;0349;0121;0122;0123;0179;1709;0354;1708;
9;70876688A;GSPCID24/00586;CIDEAD CENTRO INTEGRADO DE ENSEÑANZAS REG;28700519;TÉCNICO SUPERIOR EN EFICIENCIA ENERGÉTICA Y ENERGÍA SOLAR TÉRMICA (LFP) (A DISTANCIA) ;122411013;B;NO;9.53;NO;NO;0349;0121;0122;0123;0179;1709;0354;1708;
1;49122924F;GSPCID24/00553;CIDEAD CENTRO INTEGRADO DE ENSEÑANZAS REG;28700519;TÉCNICO SUPERIOR EN EFICIENCIA ENERGÉTICA Y ENERGÍA SOLAR TÉRMICA (LFP) (A DISTANCIA) ;122411013;C;NO;21.45;NO;NO;0349;0121;0122;0123;0179;1709;0354;1708;
2;46840699A;GSPCID24/00668;CIDEAD CENTRO INTEGRADO DE ENSEÑANZAS REG;28700519;TÉCNICO SUPERIOR EN EFICIENCIA ENERGÉTICA Y ENERGÍA SOLAR TÉRMICA (LFP) (A DISTANCIA) ;122411013;C;NO;19.9;NO;NO;0349;0121;
3;28601894Z;GSPCID24/00468;CIDEAD CENTRO INTEGRADO DE ENSEÑANZAS REG;28700519;TÉCNICO SUPERIOR EN EFICIENCIA ENERGÉTICA Y ENERGÍA SOLAR TÉRMICA (LFP) (A DISTANCIA) ;122411013;C;NO;18.55;NO;NO;0349;0121;0122;0123;0179;1709;0354;1708;
4;70883941B;GSPCID24/00567;CIDEAD CENTRO INTEGRADO DE ENSEÑANZAS REG;28700519;TÉCNICO SUPERIOR EN EFICIENCIA ENERGÉTICA Y ENERGÍA SOLAR TÉRMICA (LFP) (A DISTANCIA) ;122411013;C;NO;18.15;NO;NO;0349;0121;0122;0123;0179;1709;0354;1708;
5;78547308P;GSPCID24/00473;CIDEAD CENTRO INTEGRADO DE ENSEÑANZAS REG;28700519;TÉCNICO SUPERIOR EN EFICIENCIA ENERGÉTICA Y ENERGÍA SOLAR TÉRMICA (LFP) (A DISTANCIA) ;122411013;C;NO;16.5;NO;NO;0349;0121;0122;0123;0179;1709;0354;1708;
6;76133205P;GSPCID24/00459;CIDEAD CENTRO INTEGRADO DE ENSEÑANZAS REG;28700519;TÉCNICO SUPERIOR EN EFICIENCIA ENERGÉTICA Y ENERGÍA SOLAR TÉRMICA (LFP) (A DISTANCIA) ;122411013;C;NO;16.2;NO;NO;0349;0121;0122;0123;0179;1709;0354;1708;
7;30565732C;GSPCID24/00172;CIDEAD CENTRO INTEGRADO DE ENSEÑANZAS REG;28700519;TÉCNICO SUPERIOR EN EFICIENCIA ENERGÉTICA Y ENERGÍA SOLAR TÉRMICA (LFP) (A DISTANCIA) ;122411013;C;NO;14;NO;NO;0349;0121;0122;0123;0179;1709;1708;
8;71454006K;GSPCID24/00675;CIDEAD CENTRO INTEGRADO DE ENSEÑANZAS REG;28700519;TÉCNICO SUPERIOR EN EFICIENCIA ENERGÉTICA Y ENERGÍA SOLAR TÉRMICA (LFP) (A DISTANCIA) ;122411013;C;NO;12.2;NO;NO;0349;0179;0354;1708;
9;79119723E;GSPCID24/00516;CIDEAD CENTRO INTEGRADO DE ENSEÑANZAS REG;28700519;TÉCNICO SUPERIOR EN EFICIENCIA ENERGÉTICA Y ENERGÍA SOLAR TÉRMICA (LFP) (A DISTANCIA) ;122411013;C;NO;11.3;NO;NO;0349;0121;0122;0123;0179;1709;0354;1708;
10;06623306L;GSPCID24/00042;CIDEAD CENTRO INTEGRADO DE ENSEÑANZAS REG;28700519;TÉCNICO SUPERIOR EN EFICIENCIA ENERGÉTICA Y ENERGÍA SOLAR TÉRMICA (LFP) (A DISTANCIA) ;122411013;C;NO;10.57;NO;NO;0349;0121;0122;0123;0179;1709;0354;1708;
11;05705899J;GSPCID24/00547;CIDEAD CENTRO INTEGRADO DE ENSEÑANZAS REG;28700519;TÉCNICO SUPERIOR EN EFICIENCIA ENERGÉTICA Y ENERGÍA SOLAR TÉRMICA (LFP) (A DISTANCIA) ;122411013;C;NO;10.4;NO;NO;0349;0121;0122;0123;0179;1709;0354;1708;
12;16606563B;GSPCID24/00066;CIDEAD CENTRO INTEGRADO DE ENSEÑANZAS REG;28700519;TÉCNICO SUPERIOR EN EFICIENCIA ENERGÉTICA Y ENERGÍA SOLAR TÉRMICA (LFP) (A DISTANCIA) ;122411013;C;NO;9;NO;NO;0349;0121;0179;0354;
1;47469070Z;GSPCID24/00100;CIDEAD CENTRO INTEGRADO DE ENSEÑANZAS REG;28700519;TÉCNICO SUPERIOR EN GESTIÓN DEL AGUA (LFP) (A DISTANCIA) ;122411043;B;NO;17.45;SI;NO;1573;
1;20484327K;GSPCID24/00273;CIDEAD CENTRO INTEGRADO DE ENSEÑANZAS REG;28700519;TÉCNICO SUPERIOR EN GESTIÓN DEL AGUA (LFP) (A DISTANCIA) ;122411043;A1;NO;21.4;NO;NO;1573;1575;1572;1576;1580;
2;53818189Y;GSPCID24/00570;CIDEAD CENTRO INTEGRADO DE ENSEÑANZAS REG;28700519;TÉCNICO SUPERIOR EN GESTIÓN DEL AGUA (LFP) (A DISTANCIA) ;122411043;A1;NO;21.11;NO;NO;1573;1575;0179;1709;1572;1576;1708;1580;
3;34803598K;GSPCID24/00959;CIDEAD CENTRO INTEGRADO DE ENSEÑANZAS REG;28700519;TÉCNICO SUPERIOR EN GESTIÓN DEL AGUA (LFP) (A DISTANCIA) ;122411043;A1;NO;20.47;NO;NO;1573;1575;0179;1709;1572;1576;1708;1580;
4;03884718H;GSPCID24/00858;CIDEAD CENTRO INTEGRADO DE ENSEÑANZAS REG;28700519;TÉCNICO SUPERIOR EN GESTIÓN DEL AGUA (LFP) (A DISTANCIA) ;122411043;A1;NO;19.86;NO;NO;1575;1576;
5;28602692F;GSPCID24/00358;CIDEAD CENTRO INTEGRADO DE ENSEÑANZAS REG;28700519;TÉCNICO SUPERIOR EN GESTIÓN DEL AGUA (LFP) (A DISTANCIA) ;122411043;A1;NO;19.68;NO;NO;1573;1575;1572;1576;1580;
6;75964157X;GSPCID24/00811;CIDEAD CENTRO INTEGRADO DE ENSEÑANZAS REG;28700519;TÉCNICO SUPERIOR EN GESTIÓN DEL AGUA (LFP) (A DISTANCIA) ;122411043;A1;NO;19.5;NO;NO;1573;1575;0179;1709;1572;1576;1708;1580;
7;70580866F;GSPCID24/00412;CIDEAD CENTRO INTEGRADO DE ENSEÑANZAS REG;28700519;TÉCNICO SUPERIOR EN GESTIÓN DEL AGUA (LFP) (A DISTANCIA) ;122411043;A1;NO;19;NO;NO;1573;1575;0179;1709;1572;1576;1708;1580;
8;71453144X;GSPCID24/00652;CIDEAD CENTRO INTEGRADO DE ENSEÑANZAS REG;28700519;TÉCNICO SUPERIOR EN GESTIÓN DEL AGUA (LFP) (A DISTANCIA) ;122411043;A1;NO;19;NO;NO;1573;0179;1709;1708;
9;30820047R;GSPCID24/00579;CIDEAD CENTRO INTEGRADO DE ENSEÑANZAS REG;28700519;TÉCNICO SUPERIOR EN GESTIÓN DEL AGUA (LFP) (A DISTANCIA) ;122411043;A1;NO;19;NO;NO;1573;1575;0179;1709;1572;1576;1708;1580;
10;14050498M;GSPCID24/00105;CIDEAD CENTRO INTEGRADO DE ENSEÑANZAS REG;28700519;TÉCNICO SUPERIOR EN GESTIÓN DEL AGUA (LFP) (A DISTANCIA) ;122411043;A1;NO;18.15;NO;NO;1573;1575;1572;
11;45596191W;GSPCID24/00947;CIDEAD CENTRO INTEGRADO DE ENSEÑANZAS REG;28700519;TÉCNICO SUPERIOR EN GESTIÓN DEL AGUA (LFP) (A DISTANCIA) ;122411043;A1;NO;16.09;NO;NO;1573;1575;0179;1709;1572;1576;1708;1580;
12;06009050R;GSPCID24/00193;CIDEAD CENTRO INTEGRADO DE ENSEÑANZAS REG;28700519;TÉCNICO SUPERIOR EN GESTIÓN DEL AGUA (LFP) (A DISTANCIA) ;122411043;A1;NO;15.39;NO;NO;1573;1575;1709;1572;1576;1708;1580;
13;70841033K;GSPCID24/00505;CIDEAD CENTRO INTEGRADO DE ENSEÑANZAS REG;28700519;TÉCNICO SUPERIOR EN GESTIÓN DEL AGUA (LFP) (A DISTANCIA) ;122411043;A1;NO;14.72;NO;NO;1573;1575;0179;1709;1572;1576;1708;1580;
14;48619404A;GSPCID24/00091;CIDEAD CENTRO INTEGRADO DE ENSEÑANZAS REG;28700519;TÉCNICO SUPERIOR EN GESTIÓN DEL AGUA (LFP) (A DISTANCIA) ;122411043;A1;NO;14.25;NO;NO;1576;
15;23309200B;GSPCID24/00622;CIDEAD CENTRO INTEGRADO DE ENSEÑANZAS REG;28700519;TÉCNICO SUPERIOR EN GESTIÓN DEL AGUA (LFP) (A DISTANCIA) ;122411043;A1;NO;14.18;NO;NO;1573;1575;0179;1709;1572;1576;1708;1580;
16;76961773R;GSPCID24/00097;CIDEAD CENTRO INTEGRADO DE ENSEÑANZAS REG;28700519;TÉCNICO SUPERIOR EN GESTIÓN DEL AGUA (LFP) (A DISTANCIA) ;122411043;A1;NO;13.7;NO;NO;1573;1575;1709;1572;1576;1708;1580;
17;23810223W;GSPCID24/00693;CIDEAD CENTRO INTEGRADO DE ENSEÑANZAS REG;28700519;TÉCNICO SUPERIOR EN GESTIÓN DEL AGUA (LFP) (A DISTANCIA) ;122411043;A1;NO;13.5;NO;NO;1573;1575;0179;1709;1572;1576;1708;1580;
18;50743484X;GSPCID24/00583;CIDEAD CENTRO INTEGRADO DE ENSEÑANZAS REG;28700519;TÉCNICO SUPERIOR EN GESTIÓN DEL AGUA (LFP) (A DISTANCIA) ;122411043;A1;NO;13;NO;NO;1573;1575;0179;1709;1572;1576;1708;1580;
19;18033915Y;GSPCID24/00395;CIDEAD CENTRO INTEGRADO DE ENSEÑANZAS REG;28700519;TÉCNICO SUPERIOR EN GESTIÓN DEL AGUA (LFP) (A DISTANCIA) ;122411043;A1;NO;13;NO;NO;1573;1575;0179;1709;1572;1576;1708;1580;
1;43142755E;GSPCID24/00445;CIDEAD CENTRO INTEGRADO DE ENSEÑANZAS REG;28700519;TÉCNICO SUPERIOR EN GESTIÓN DEL AGUA (LFP) (A DISTANCIA) ;122411043;A2;NO;23;NO;NO;1573;1575;0179;1709;1572;1576;1708;1580;
2;45318817P;GSPCID24/00441;CIDEAD CENTRO INTEGRADO DE ENSEÑANZAS REG;28700519;TÉCNICO SUPERIOR EN GESTIÓN DEL AGUA (LFP) (A DISTANCIA) ;122411043;A2;NO;21.61;NO;NO;1573;
3;20588086G;GSPCID24/00735;CIDEAD CENTRO INTEGRADO DE ENSEÑANZAS REG;28700519;TÉCNICO SUPERIOR EN GESTIÓN DEL AGUA (LFP) (A DISTANCIA) ;122411043;A2;NO;21.55;NO;NO;1573;1575;0179;1709;1572;1576;1708;1580;
4;52185269V;GSPCID24/00549;CIDEAD CENTRO INTEGRADO DE ENSEÑANZAS REG;28700519;TÉCNICO SUPERIOR EN GESTIÓN DEL AGUA (LFP) (A DISTANCIA) ;122411043;A2;NO;21.43;NO;NO;1573;1575;0179;1709;1572;1576;1708;1580;
5;47067743Z;GSPCID24/00384;CIDEAD CENTRO INTEGRADO DE ENSEÑANZAS REG;28700519;TÉCNICO SUPERIOR EN GESTIÓN DEL AGUA (LFP) (A DISTANCIA) ;122411043;A2;NO;21.1;NO;NO;1573;1575;0179;1709;1572;1576;1708;1580;
6;71456203X;GSPCID24/00477;CIDEAD CENTRO INTEGRADO DE ENSEÑANZAS REG;28700519;TÉCNICO SUPERIOR EN GESTIÓN DEL AGUA (LFP) (A DISTANCIA) ;122411043;A2;NO;21;NO;NO;1573;1575;0179;1709;1572;1576;1708;1580;
7;48548830Q;GSPCID24/00262;CIDEAD CENTRO INTEGRADO DE ENSEÑANZAS REG;28700519;TÉCNICO SUPERIOR EN GESTIÓN DEL AGUA (LFP) (A DISTANCIA) ;122411043;A2;NO;20.83;NO;NO;1573;1575;0179;1709;1572;1576;1580;
8;25386306X;GSPCID24/00298;CIDEAD CENTRO INTEGRADO DE ENSEÑANZAS REG;28700519;TÉCNICO SUPERIOR EN GESTIÓN DEL AGUA (LFP) (A DISTANCIA) ;122411043;A2;NO;19.83;NO;NO;1573;1575;0179;1709;1572;1576;1580;
9;70074729P;GSPCID24/00325;CIDEAD CENTRO INTEGRADO DE ENSEÑANZAS REG;28700519;TÉCNICO SUPERIOR EN GESTIÓN DEL AGUA (LFP) (A DISTANCIA) ;122411043;A2;NO;19.8;NO;NO;1573;1575;0179;1572;1576;1708;1580;
10;76129856V;GSPCID24/00690;CIDEAD CENTRO INTEGRADO DE ENSEÑANZAS REG;28700519;TÉCNICO SUPERIOR EN GESTIÓN DEL AGUA (LFP) (A DISTANCIA) ;122411043;A2;NO;19.6;NO;NO;1572;1576;1580;
11;50349028G;GSPCID24/00451;CIDEAD CENTRO INTEGRADO DE ENSEÑANZAS REG;28700519;TÉCNICO SUPERIOR EN GESTIÓN DEL AGUA (LFP) (A DISTANCIA) ;122411043;A2;NO;19.25;NO;NO;1572;
12;48548829S;GSPCID24/00703;CIDEAD CENTRO INTEGRADO DE ENSEÑANZAS REG;28700519;TÉCNICO SUPERIOR EN GESTIÓN DEL AGUA (LFP) (A DISTANCIA) ;122411043;A2;NO;19.25;NO;NO;1573;1575;0179;1709;1572;1576;1708;1580;
13;71440223S;GSPCID24/00578;CIDEAD CENTRO INTEGRADO DE ENSEÑANZAS REG;28700519;TÉCNICO SUPERIOR EN GESTIÓN DEL AGUA (LFP) (A DISTANCIA) ;122411043;A2;NO;19;NO;NO;1573;1575;0179;1709;1572;1576;1708;1580;
14;28628658Y;GSPCID24/00747;CIDEAD CENTRO INTEGRADO DE ENSEÑANZAS REG;28700519;TÉCNICO SUPERIOR EN GESTIÓN DEL AGUA (LFP) (A DISTANCIA) ;122411043;A2;NO;19;NO;NO;1573;1575;0179;1709;1572;1576;1708;1580;
15;48514706R;GSPCID24/00704;CIDEAD CENTRO INTEGRADO DE ENSEÑANZAS REG;28700519;TÉCNICO SUPERIOR EN GESTIÓN DEL AGUA (LFP) (A DISTANCIA) ;122411043;A2;NO;15.4;NO;NO;1573;1575;1709;1572;1576;1708;1580;
16;23289250W;GSPCID24/00585;CIDEAD CENTRO INTEGRADO DE ENSEÑANZAS REG;28700519;TÉCNICO SUPERIOR EN GESTIÓN DEL AGUA (LFP) (A DISTANCIA) ;122411043;A2;NO;13;NO;NO;1580;
1;74872477W;GSPCID24/00558;CIDEAD CENTRO INTEGRADO DE ENSEÑANZAS REG;28700519;TÉCNICO SUPERIOR EN GESTIÓN DEL AGUA (LFP) (A DISTANCIA) ;122411043;B;NO;19.25;NO;NO;1573;1575;0179;1709;1572;1708;
2;07981721P;GSPCID24/00226;CIDEAD CENTRO INTEGRADO DE ENSEÑANZAS REG;28700519;TÉCNICO SUPERIOR EN GESTIÓN DEL AGUA (LFP) (A DISTANCIA) ;122411043;B;NO;18.84;NO;NO;1573;1575;0179;1572;1576;1708;1580;
3;09780810Z;GSPCID24/00827;CIDEAD CENTRO INTEGRADO DE ENSEÑANZAS REG;28700519;TÉCNICO SUPERIOR EN GESTIÓN DEL AGUA (LFP) (A DISTANCIA) ;122411043;B;NO;17.25;NO;NO;1573;1575;1572;1576;1580;
4;48500100T;GSPCID24/00804;CIDEAD CENTRO INTEGRADO DE ENSEÑANZAS REG;28700519;TÉCNICO SUPERIOR EN GESTIÓN DEL AGUA (LFP) (A DISTANCIA) ;122411043;B;NO;17.11;NO;NO;1573;1575;0179;1709;1572;1576;1708;1580;
5;71287942V;GSPCID24/00694;CIDEAD CENTRO INTEGRADO DE ENSEÑANZAS REG;28700519;TÉCNICO SUPERIOR EN GESTIÓN DEL AGUA (LFP) (A DISTANCIA) ;122411043;B;NO;16.69;NO;NO;1573;1575;0179;1709;1572;1708;1580;
6;53140432J;GSPCID24/00196;CIDEAD CENTRO INTEGRADO DE ENSEÑANZAS REG;28700519;TÉCNICO SUPERIOR EN GESTIÓN DEL AGUA (LFP) (A DISTANCIA) ;122411043;B;NO;16.62;NO;NO;1573;1575;0179;1709;1572;1576;1580;
7;23798761V;GSPCID24/00270;CIDEAD CENTRO INTEGRADO DE ENSEÑANZAS REG;28700519;TÉCNICO SUPERIOR EN GESTIÓN DEL AGUA (LFP) (A DISTANCIA) ;122411043;B;NO;15.63;NO;NO;1573;1576;1708;
8;52229269H;GSPCID24/00436;CIDEAD CENTRO INTEGRADO DE ENSEÑANZAS REG;28700519;TÉCNICO SUPERIOR EN GESTIÓN DEL AGUA (LFP) (A DISTANCIA) ;122411043;B;NO;15.25;NO;NO;1573;1575;0179;1572;1576;
9;26030482W;GSPCID24/00669;CIDEAD CENTRO INTEGRADO DE ENSEÑANZAS REG;28700519;TÉCNICO SUPERIOR EN GESTIÓN DEL AGUA (LFP) (A DISTANCIA) ;122411043;B;NO;15.05;NO;NO;1572;
10;77571112R;GSPCID24/00534;CIDEAD CENTRO INTEGRADO DE ENSEÑANZAS REG;28700519;TÉCNICO SUPERIOR EN GESTIÓN DEL AGUA (LFP) (A DISTANCIA) ;122411043;B;NO;15.04;NO;NO;1573;
11;44908819P;GSPCID24/00404;CIDEAD CENTRO INTEGRADO DE ENSEÑANZAS REG;28700519;TÉCNICO SUPERIOR EN GESTIÓN DEL AGUA (LFP) (A DISTANCIA) ;122411043;B;NO;15;NO;NO;1573;1575;1709;1572;1576;1708;1580;
12;02534447P;GSPCID24/00003;CIDEAD CENTRO INTEGRADO DE ENSEÑANZAS REG;28700519;TÉCNICO SUPERIOR EN GESTIÓN DEL AGUA (LFP) (A DISTANCIA) ;122411043;B;NO;15;NO;NO;1573;1575;1576;1580;
13;23262537S;GSPCID24/00502;CIDEAD CENTRO INTEGRADO DE ENSEÑANZAS REG;28700519;TÉCNICO SUPERIOR EN GESTIÓN DEL AGUA (LFP) (A DISTANCIA) ;122411043;B;NO;15;NO;NO;1573;1575;0179;1709;1572;1576;1708;1580;
14;35596733R;GSPCID24/00748;CIDEAD CENTRO INTEGRADO DE ENSEÑANZAS REG;28700519;TÉCNICO SUPERIOR EN GESTIÓN DEL AGUA (LFP) (A DISTANCIA) ;122411043;B;NO;15;NO;NO;1573;1575;0179;1709;1572;1576;1708;1580;
15;44299891M;GSPCID24/00208;CIDEAD CENTRO INTEGRADO DE ENSEÑANZAS REG;28700519;TÉCNICO SUPERIOR EN GESTIÓN DEL AGUA (LFP) (A DISTANCIA) ;122411043;B;NO;15;NO;NO;1573;1575;1709;1572;1576;1708;1580;
16;48502741L;GSPCID24/00806;CIDEAD CENTRO INTEGRADO DE ENSEÑANZAS REG;28700519;TÉCNICO SUPERIOR EN GESTIÓN DEL AGUA (LFP) (A DISTANCIA) ;122411043;B;NO;9.5;NO;NO;1573;1575;0179;1709;1572;1576;1708;1580;
1;48575550X;GSPCID24/00236;CIDEAD CENTRO INTEGRADO DE ENSEÑANZAS REG;28700519;TÉCNICO SUPERIOR EN GESTIÓN DEL AGUA (LFP) (A DISTANCIA) ;122411043;C;NO;20.46;NO;NO;1573;1575;0179;1709;1572;1576;1708;1580;
2;73022534H;GSPCID24/00535;CIDEAD CENTRO INTEGRADO DE ENSEÑANZAS REG;28700519;TÉCNICO SUPERIOR EN GESTIÓN DEL AGUA (LFP) (A DISTANCIA) ;122411043;C;NO;20.43;NO;NO;1573;1575;0179;1709;1572;1576;1708;1580;
3;06267494V;GSPCID24/00487;CIDEAD CENTRO INTEGRADO DE ENSEÑANZAS REG;28700519;TÉCNICO SUPERIOR EN GESTIÓN DEL AGUA (LFP) (A DISTANCIA) ;122411043;C;NO;19.8;NO;NO;1573;1575;1572;1576;1708;1580;
4;77470249Q;GSPCID24/00793;CIDEAD CENTRO INTEGRADO DE ENSEÑANZAS REG;28700519;TÉCNICO SUPERIOR EN GESTIÓN DEL AGUA (LFP) (A DISTANCIA) ;122411043;C;NO;19.2;NO;NO;1573;1575;0179;1709;1572;1576;1708;1580;
5;28774212Q;GSPCID24/00109;CIDEAD CENTRO INTEGRADO DE ENSEÑANZAS REG;28700519;TÉCNICO SUPERIOR EN GESTIÓN DEL AGUA (LFP) (A DISTANCIA) ;122411043;C;NO;19;NO;NO;1573;1575;0179;1709;1572;1576;1708;1580;
6;25177984E;GSPCID24/00156;CIDEAD CENTRO INTEGRADO DE ENSEÑANZAS REG;28700519;TÉCNICO SUPERIOR EN GESTIÓN DEL AGUA (LFP) (A DISTANCIA) ;122411043;C;NO;19;NO;NO;1573;1575;0179;1709;1572;1576;1580;
7;53206123Q;GSPCID24/00176;CIDEAD CENTRO INTEGRADO DE ENSEÑANZAS REG;28700519;TÉCNICO SUPERIOR EN GESTIÓN DEL AGUA (LFP) (A DISTANCIA) ;122411043;C;NO;18.93;NO;NO;1573;1575;0179;1572;1580;
8;78957497S;GSPCID24/00169;CIDEAD CENTRO INTEGRADO DE ENSEÑANZAS REG;28700519;TÉCNICO SUPERIOR EN GESTIÓN DEL AGUA (LFP) (A DISTANCIA) ;122411043;C;NO;18.31;NO;NO;1573;1575;1709;1572;1576;1708;1580;
9;78482465W;GSPCID24/00188;CIDEAD CENTRO INTEGRADO DE ENSEÑANZAS REG;28700519;TÉCNICO SUPERIOR EN GESTIÓN DEL AGUA (LFP) (A DISTANCIA) ;122411043;C;NO;18.17;NO;NO;1573;1575;1576;1580;
10;45080979J;GSPCID24/00207;CIDEAD CENTRO INTEGRADO DE ENSEÑANZAS REG;28700519;TÉCNICO SUPERIOR EN GESTIÓN DEL AGUA (LFP) (A DISTANCIA) ;122411043;C;NO;18;NO;NO;1573;1575;1709;1572;1576;1708;1580;
11;49052998R;GSPCID24/00523;CIDEAD CENTRO INTEGRADO DE ENSEÑANZAS REG;28700519;TÉCNICO SUPERIOR EN GESTIÓN DEL AGUA (LFP) (A DISTANCIA) ;122411043;C;NO;17.5;NO;NO;1573;1575;0179;1709;1572;1576;1708;1580;
12;70247052S;GSPCID24/00202;CIDEAD CENTRO INTEGRADO DE ENSEÑANZAS REG;28700519;TÉCNICO SUPERIOR EN GESTIÓN DEL AGUA (LFP) (A DISTANCIA) ;122411043;C;NO;17.3;NO;NO;1573;1575;0179;1572;1576;1708;1580;
13;28791954W;GSPCID24/00938;CIDEAD CENTRO INTEGRADO DE ENSEÑANZAS REG;28700519;TÉCNICO SUPERIOR EN GESTIÓN DEL AGUA (LFP) (A DISTANCIA) ;122411043;C;NO;17;NO;NO;1575;0179;1709;1576;1708;
14;48913686T;GSPCID24/00183;CIDEAD CENTRO INTEGRADO DE ENSEÑANZAS REG;28700519;TÉCNICO SUPERIOR EN GESTIÓN DEL AGUA (LFP) (A DISTANCIA) ;122411043;C;NO;16.73;NO;NO;1573;1575;0179;1709;1572;1576;1708;1580;
15;74685906F;GSPCID24/00195;CIDEAD CENTRO INTEGRADO DE ENSEÑANZAS REG;28700519;TÉCNICO SUPERIOR EN GESTIÓN DEL AGUA (LFP) (A DISTANCIA) ;122411043;C;NO;16.73;NO;NO;1573;1575;0179;1709;1572;1576;1708;1580;
16;06586195F;GSPCID24/00815;CIDEAD CENTRO INTEGRADO DE ENSEÑANZAS REG;28700519;TÉCNICO SUPERIOR EN GESTIÓN DEL AGUA (LFP) (A DISTANCIA) ;122411043;C;NO;16.6;NO;NO;1573;1576;1708;
17;47825265P;GSPCID24/00029;CIDEAD CENTRO INTEGRADO DE ENSEÑANZAS REG;28700519;TÉCNICO SUPERIOR EN GESTIÓN DEL AGUA (LFP) (A DISTANCIA) ;122411043;C;NO;16.3;NO;NO;1573;1575;0179;1709;1572;1576;1708;1580;
18;74894455S;GSPCID24/00031;CIDEAD CENTRO INTEGRADO DE ENSEÑANZAS REG;28700519;TÉCNICO SUPERIOR EN GESTIÓN DEL AGUA (LFP) (A DISTANCIA) ;122411043;C;NO;16.1;NO;NO;1573;1575;0179;1709;1572;1576;1708;1580;
19;53423315L;GSPCID24/00915;CIDEAD CENTRO INTEGRADO DE ENSEÑANZAS REG;28700519;TÉCNICO SUPERIOR EN GESTIÓN DEL AGUA (LFP) (A DISTANCIA) ;122411043;C;NO;16;NO;NO;1573;1575;0179;1709;1572;1576;1708;1580;
20;73110062P;GSPCID24/00408;CIDEAD CENTRO INTEGRADO DE ENSEÑANZAS REG;28700519;TÉCNICO SUPERIOR EN GESTIÓN DEL AGUA (LFP) (A DISTANCIA) ;122411043;C;NO;15.8;NO;NO;1575;0179;
21;48394859F;GSPCID24/00972;CIDEAD CENTRO INTEGRADO DE ENSEÑANZAS REG;28700519;TÉCNICO SUPERIOR EN GESTIÓN DEL AGUA (LFP) (A DISTANCIA) ;122411043;C;NO;15;NO;NO;1573;1575;0179;
22;04692993G;GSPCID24/00762;CIDEAD CENTRO INTEGRADO DE ENSEÑANZAS REG;28700519;TÉCNICO SUPERIOR EN GESTIÓN DEL AGUA (LFP) (A DISTANCIA) ;122411043;C;NO;15;NO;NO;1573;1575;1572;1576;1580;
23;80066306V;GSPCID24/00178;CIDEAD CENTRO INTEGRADO DE ENSEÑANZAS REG;28700519;TÉCNICO SUPERIOR EN GESTIÓN DEL AGUA (LFP) (A DISTANCIA) ;122411043;C;NO;15;NO;NO;1573;1575;1709;1708;
24;50457403A;GSPCID24/00648;CIDEAD CENTRO INTEGRADO DE ENSEÑANZAS REG;28700519;TÉCNICO SUPERIOR EN GESTIÓN DEL AGUA (LFP) (A DISTANCIA) ;122411043;C;NO;15;NO;NO;1573;1575;0179;1709;1572;1576;1708;1580;
25;80151018C;GSPCID24/00380;CIDEAD CENTRO INTEGRADO DE ENSEÑANZAS REG;28700519;TÉCNICO SUPERIOR EN GESTIÓN DEL AGUA (LFP) (A DISTANCIA) ;122411043;C;NO;15;NO;NO;1573;1575;0179;1709;1572;1576;1708;1580;
26;71675442J;GSPCID24/00204;CIDEAD CENTRO INTEGRADO DE ENSEÑANZAS REG;28700519;TÉCNICO SUPERIOR EN GESTIÓN DEL AGUA (LFP) (A DISTANCIA) ;122411043;C;NO;11.85;NO;NO;1573;1575;0179;1572;1576;1580;
27;16808592P;GSPCID24/00758;CIDEAD CENTRO INTEGRADO DE ENSEÑANZAS REG;28700519;TÉCNICO SUPERIOR EN GESTIÓN DEL AGUA (LFP) (A DISTANCIA) ;122411043;C;NO;10.5;NO;NO;1573;1575;1572;1708;
28;76248254B;GSPCID24/00475;CIDEAD CENTRO INTEGRADO DE ENSEÑANZAS REG;28700519;TÉCNICO SUPERIOR EN GESTIÓN DEL AGUA (LFP) (A DISTANCIA) ;122411043;C;NO;9.8;NO;NO;1573;1575;0179;1709;1572;1576;1708;
29;10904866Z;GSPCID24/00417;CIDEAD CENTRO INTEGRADO DE ENSEÑANZAS REG;28700519;TÉCNICO SUPERIOR EN GESTIÓN DEL AGUA (LFP) (A DISTANCIA) ;122411043;C;NO;9;NO;NO;1573;1575;0179;1709;1572;1576;1708;1580;
30;04621553W;GSPCID24/00934;CIDEAD CENTRO INTEGRADO DE ENSEÑANZAS REG;28700519;TÉCNICO SUPERIOR EN GESTIÓN DEL AGUA (LFP) (A DISTANCIA) ;122411043;C;NO;9;NO;NO;1573;1575;0179;1709;1572;1576;1708;1580;
1;29100016W;GSPCID24/00464;CIDEAD CENTRO INTEGRADO DE ENSEÑANZAS REG;28700519;TÉCNICO SUPERIOR EN GESTIÓN DEL AGUA (LFP) (A DISTANCIA) ;122411043;D;NO;15;NO;NO;1573;1575;0179;1709;1572;1576;1708;1580;
1;34002384N;GSPCID24/00873;CIDEAD CENTRO INTEGRADO DE ENSEÑANZAS REG;28700519;TÉCNICO SUPERIOR EN SISTEMAS ELECTROTÉCNICOS Y AUTOMATIZADOS (LFP) (A DISTANCIA) ;122410013;A2;NO;21.33;SI;NO;0524;0523;0522;0519;0602;0179;1709;0520;1708;
1;Y8176791Y;GSPCID24/00249;CIDEAD CENTRO INTEGRADO DE ENSEÑANZAS REG;28700519;TÉCNICO SUPERIOR EN SISTEMAS ELECTROTÉCNICOS Y AUTOMATIZADOS (LFP) (A DISTANCIA) ;122410013;A1;NO;22.73;NO;NO;0524;0523;0522;0519;0602;1709;0520;1708;
2;26494870C;GSPCID24/00956;CIDEAD CENTRO INTEGRADO DE ENSEÑANZAS REG;28700519;TÉCNICO SUPERIOR EN SISTEMAS ELECTROTÉCNICOS Y AUTOMATIZADOS (LFP) (A DISTANCIA) ;122410013;A1;NO;21.39;NO;NO;0524;0179;0520;
3;116952274;GSPCID24/00957;CIDEAD CENTRO INTEGRADO DE ENSEÑANZAS REG;28700519;TÉCNICO SUPERIOR EN SISTEMAS ELECTROTÉCNICOS Y AUTOMATIZADOS (LFP) (A DISTANCIA) ;122410013;A1;NO;21.23;NO;NO;0524;0523;0522;0519;0602;0179;1709;0520;1708;
4;02387426A;GSPCID24/00079;CIDEAD CENTRO INTEGRADO DE ENSEÑANZAS REG;28700519;TÉCNICO SUPERIOR EN SISTEMAS ELECTROTÉCNICOS Y AUTOMATIZADOS (LFP) (A DISTANCIA) ;122410013;A1;NO;21;NO;NO;0524;0523;0522;0519;0602;0179;0520;1708;
5;49101332N;GSPCID24/00485;CIDEAD CENTRO INTEGRADO DE ENSEÑANZAS REG;28700519;TÉCNICO SUPERIOR EN SISTEMAS ELECTROTÉCNICOS Y AUTOMATIZADOS (LFP) (A DISTANCIA) ;122410013;A1;NO;20.89;NO;NO;0524;0523;0522;0519;0602;0179;1709;0520;
6;26051189D;GSPCID24/00429;CIDEAD CENTRO INTEGRADO DE ENSEÑANZAS REG;28700519;TÉCNICO SUPERIOR EN SISTEMAS ELECTROTÉCNICOS Y AUTOMATIZADOS (LFP) (A DISTANCIA) ;122410013;A1;NO;20.4;NO;NO;0524;0523;0522;0519;0602;0179;1709;0520;1708;
7;28626145T;GSPCID24/00450;CIDEAD CENTRO INTEGRADO DE ENSEÑANZAS REG;28700519;TÉCNICO SUPERIOR EN SISTEMAS ELECTROTÉCNICOS Y AUTOMATIZADOS (LFP) (A DISTANCIA) ;122410013;A1;NO;19.7;NO;NO;0524;0523;0522;0519;0602;1709;0520;1708;
8;74018911N;GSPCID24/00254;CIDEAD CENTRO INTEGRADO DE ENSEÑANZAS REG;28700519;TÉCNICO SUPERIOR EN SISTEMAS ELECTROTÉCNICOS Y AUTOMATIZADOS (LFP) (A DISTANCIA) ;122410013;A1;NO;19.61;NO;NO;0524;0523;0522;0519;0602;0179;1709;0520;1708;
9;71147744G;GSPCID24/00710;CIDEAD CENTRO INTEGRADO DE ENSEÑANZAS REG;28700519;TÉCNICO SUPERIOR EN SISTEMAS ELECTROTÉCNICOS Y AUTOMATIZADOS (LFP) (A DISTANCIA) ;122410013;A1;NO;19.6;NO;NO;0524;0523;0522;0519;0602;0179;1709;0520;1708;
10;51675393M;GSPCID24/00243;CIDEAD CENTRO INTEGRADO DE ENSEÑANZAS REG;28700519;TÉCNICO SUPERIOR EN SISTEMAS ELECTROTÉCNICOS Y AUTOMATIZADOS (LFP) (A DISTANCIA) ;122410013;A1;NO;19;NO;NO;0522;0179;0520;1708;
11;75574352D;GSPCID24/00702;CIDEAD CENTRO INTEGRADO DE ENSEÑANZAS REG;28700519;TÉCNICO SUPERIOR EN SISTEMAS ELECTROTÉCNICOS Y AUTOMATIZADOS (LFP) (A DISTANCIA) ;122410013;A1;NO;19;NO;NO;0524;0523;0522;0519;0602;0179;1709;0520;1708;
12;74651230S;GSPCID24/00812;CIDEAD CENTRO INTEGRADO DE ENSEÑANZAS REG;28700519;TÉCNICO SUPERIOR EN SISTEMAS ELECTROTÉCNICOS Y AUTOMATIZADOS (LFP) (A DISTANCIA) ;122410013;A1;NO;19;NO;NO;0524;0523;0522;0519;0602;1709;0520;1708;
13;51450926H;GSPCID24/00340;CIDEAD CENTRO INTEGRADO DE ENSEÑANZAS REG;28700519;TÉCNICO SUPERIOR EN SISTEMAS ELECTROTÉCNICOS Y AUTOMATIZADOS (LFP) (A DISTANCIA) ;122410013;A1;NO;19;NO;NO;0524;0523;0522;0519;0602;0179;1709;0520;1708;
14;41659295Q;GSPCID24/00059;CIDEAD CENTRO INTEGRADO DE ENSEÑANZAS REG;28700519;TÉCNICO SUPERIOR EN SISTEMAS ELECTROTÉCNICOS Y AUTOMATIZADOS (LFP) (A DISTANCIA) ;122410013;A1;NO;15.53;NO;NO;0524;0523;0522;0519;0602;1709;0520;
15;45851610Y;GSPCID24/00008;CIDEAD CENTRO INTEGRADO DE ENSEÑANZAS REG;28700519;TÉCNICO SUPERIOR EN SISTEMAS ELECTROTÉCNICOS Y AUTOMATIZADOS (LFP) (A DISTANCIA) ;122410013;A1;NO;14.93;NO;NO;0524;0523;0522;0602;0179;1709;0520;1708;
16;50547422T;GSPCID24/00851;CIDEAD CENTRO INTEGRADO DE ENSEÑANZAS REG;28700519;TÉCNICO SUPERIOR EN SISTEMAS ELECTROTÉCNICOS Y AUTOMATIZADOS (LFP) (A DISTANCIA) ;122410013;A1;NO;14.65;NO;NO;0524;0523;0522;0519;0602;0179;1709;0520;1708;
17;53145151V;GSPCID24/00698;CIDEAD CENTRO INTEGRADO DE ENSEÑANZAS REG;28700519;TÉCNICO SUPERIOR EN SISTEMAS ELECTROTÉCNICOS Y AUTOMATIZADOS (LFP) (A DISTANCIA) ;122410013;A1;NO;13.9;NO;NO;0524;0523;0522;0519;0602;0179;1709;0520;1708;
18;53686082B;GSPCID24/00088;CIDEAD CENTRO INTEGRADO DE ENSEÑANZAS REG;28700519;TÉCNICO SUPERIOR EN SISTEMAS ELECTROTÉCNICOS Y AUTOMATIZADOS (LFP) (A DISTANCIA) ;122410013;A1;NO;13.72;NO;NO;0524;0523;0522;0519;0602;0179;1709;0520;1708;
19;75869924P;GSPCID24/00910;CIDEAD CENTRO INTEGRADO DE ENSEÑANZAS REG;28700519;TÉCNICO SUPERIOR EN SISTEMAS ELECTROTÉCNICOS Y AUTOMATIZADOS (LFP) (A DISTANCIA) ;122410013;A1;NO;13.72;NO;NO;0524;0523;0522;0519;0602;0179;1709;0520;1708;
20;54405798B;GSPCID24/00977;CIDEAD CENTRO INTEGRADO DE ENSEÑANZAS REG;28700519;TÉCNICO SUPERIOR EN SISTEMAS ELECTROTÉCNICOS Y AUTOMATIZADOS (LFP) (A DISTANCIA) ;122410013;A1;NO;13;NO;NO;0524;0523;0522;0519;0602;0520;1708;
21;49283681V;GSPCID24/00955;CIDEAD CENTRO INTEGRADO DE ENSEÑANZAS REG;28700519;TÉCNICO SUPERIOR EN SISTEMAS ELECTROTÉCNICOS Y AUTOMATIZADOS (LFP) (A DISTANCIA) ;122410013;A1;NO;13;NO;NO;0524;0523;0522;0519;0602;0179;1709;0520;1708;
1;74514941R;GSPCID24/00446;CIDEAD CENTRO INTEGRADO DE ENSEÑANZAS REG;28700519;TÉCNICO SUPERIOR EN SISTEMAS ELECTROTÉCNICOS Y AUTOMATIZADOS (LFP) (A DISTANCIA) ;122410013;A2;NO;24.25;NO;NO;0524;0523;0522;0519;0602;0179;1709;0520;
2;44206349G;GSPCID24/00932;CIDEAD CENTRO INTEGRADO DE ENSEÑANZAS REG;28700519;TÉCNICO SUPERIOR EN SISTEMAS ELECTROTÉCNICOS Y AUTOMATIZADOS (LFP) (A DISTANCIA) ;122410013;A2;NO;23;NO;NO;0524;0523;0522;0519;0602;0179;1709;0520;1708;
3;18063380P;GSPCID24/00818;CIDEAD CENTRO INTEGRADO DE ENSEÑANZAS REG;28700519;TÉCNICO SUPERIOR EN SISTEMAS ELECTROTÉCNICOS Y AUTOMATIZADOS (LFP) (A DISTANCIA) ;122410013;A2;NO;22.82;NO;NO;0524;0523;0522;0519;0602;0520;1708;
4;20995228T;GSPCID24/00057;CIDEAD CENTRO INTEGRADO DE ENSEÑANZAS REG;28700519;TÉCNICO SUPERIOR EN SISTEMAS ELECTROTÉCNICOS Y AUTOMATIZADOS (LFP) (A DISTANCIA) ;122410013;A2;NO;22.64;NO;NO;0524;0523;0522;0519;0602;
5;70877686N;GSPCID24/00218;CIDEAD CENTRO INTEGRADO DE ENSEÑANZAS REG;28700519;TÉCNICO SUPERIOR EN SISTEMAS ELECTROTÉCNICOS Y AUTOMATIZADOS (LFP) (A DISTANCIA) ;122410013;A2;NO;22.33;NO;NO;0524;0523;0522;0519;0602;0179;1709;0520;1708;
6;29505507A;GSPCID24/00330;CIDEAD CENTRO INTEGRADO DE ENSEÑANZAS REG;28700519;TÉCNICO SUPERIOR EN SISTEMAS ELECTROTÉCNICOS Y AUTOMATIZADOS (LFP) (A DISTANCIA) ;122410013;A2;NO;21;NO;NO;0524;0523;0522;0519;0602;0179;0520;1708;
7;76589229B;GSPCID24/00135;CIDEAD CENTRO INTEGRADO DE ENSEÑANZAS REG;28700519;TÉCNICO SUPERIOR EN SISTEMAS ELECTROTÉCNICOS Y AUTOMATIZADOS (LFP) (A DISTANCIA) ;122410013;A2;NO;21;NO;NO;0524;0523;0522;0519;0602;0179;0520;
8;74848500Z;GSPCID24/00234;CIDEAD CENTRO INTEGRADO DE ENSEÑANZAS REG;28700519;TÉCNICO SUPERIOR EN SISTEMAS ELECTROTÉCNICOS Y AUTOMATIZADOS (LFP) (A DISTANCIA) ;122410013;A2;NO;21;NO;NO;0524;0523;0522;0519;0602;0179;1709;0520;1708;
9;08894864M;GSPCID24/00115;CIDEAD CENTRO INTEGRADO DE ENSEÑANZAS REG;28700519;TÉCNICO SUPERIOR EN SISTEMAS ELECTROTÉCNICOS Y AUTOMATIZADOS (LFP) (A DISTANCIA) ;122410013;A2;NO;20.91;NO;NO;0524;0523;0522;0519;0602;1709;0520;1708;
10;76077530Q;GSPCID24/00641;CIDEAD CENTRO INTEGRADO DE ENSEÑANZAS REG;28700519;TÉCNICO SUPERIOR EN SISTEMAS ELECTROTÉCNICOS Y AUTOMATIZADOS (LFP) (A DISTANCIA) ;122410013;A2;NO;20.82;NO;NO;0524;0523;0522;0519;0602;0520;1708;
11;76055190D;GSPCID24/00854;CIDEAD CENTRO INTEGRADO DE ENSEÑANZAS REG;28700519;TÉCNICO SUPERIOR EN SISTEMAS ELECTROTÉCNICOS Y AUTOMATIZADOS (LFP) (A DISTANCIA) ;122410013;A2;NO;20.73;NO;NO;0524;0523;0522;
12;14631891G;GSPCID24/00720;CIDEAD CENTRO INTEGRADO DE ENSEÑANZAS REG;28700519;TÉCNICO SUPERIOR EN SISTEMAS ELECTROTÉCNICOS Y AUTOMATIZADOS (LFP) (A DISTANCIA) ;122410013;A2;NO;20;NO;NO;0523;0602;1708;
13;76926085D;GSPCID24/00225;CIDEAD CENTRO INTEGRADO DE ENSEÑANZAS REG;28700519;TÉCNICO SUPERIOR EN SISTEMAS ELECTROTÉCNICOS Y AUTOMATIZADOS (LFP) (A DISTANCIA) ;122410013;A2;NO;19.9;NO;NO;0524;0523;0522;0519;0602;0179;0520;1708;
14;23921269G;GSPCID24/00138;CIDEAD CENTRO INTEGRADO DE ENSEÑANZAS REG;28700519;TÉCNICO SUPERIOR EN SISTEMAS ELECTROTÉCNICOS Y AUTOMATIZADOS (LFP) (A DISTANCIA) ;122410013;A2;NO;19;NO;NO;0523;0520;
15;42196807H;GSPCID24/00118;CIDEAD CENTRO INTEGRADO DE ENSEÑANZAS REG;28700519;TÉCNICO SUPERIOR EN SISTEMAS ELECTROTÉCNICOS Y AUTOMATIZADOS (LFP) (A DISTANCIA) ;122410013;A2;NO;18.38;NO;NO;0524;0523;0522;0519;0602;0179;0520;1708;
16;06005146F;GSPCID24/00650;CIDEAD CENTRO INTEGRADO DE ENSEÑANZAS REG;28700519;TÉCNICO SUPERIOR EN SISTEMAS ELECTROTÉCNICOS Y AUTOMATIZADOS (LFP) (A DISTANCIA) ;122410013;A2;NO;17.8;NO;NO;0524;0523;0522;0519;0602;0520;1708;
17;45097159R;GSPCID24/00124;CIDEAD CENTRO INTEGRADO DE ENSEÑANZAS REG;28700519;TÉCNICO SUPERIOR EN SISTEMAS ELECTROTÉCNICOS Y AUTOMATIZADOS (LFP) (A DISTANCIA) ;122410013;A2;NO;16.27;NO;NO;0524;0523;0522;0519;0602;0179;0520;1708;
18;03473173N;GSPCID24/00140;CIDEAD CENTRO INTEGRADO DE ENSEÑANZAS REG;28700519;TÉCNICO SUPERIOR EN SISTEMAS ELECTROTÉCNICOS Y AUTOMATIZADOS (LFP) (A DISTANCIA) ;122410013;A2;NO;15.67;NO;NO;0524;0523;0522;0519;0602;0179;0520;1708;
19;29168724D;GSPCID24/00121;CIDEAD CENTRO INTEGRADO DE ENSEÑANZAS REG;28700519;TÉCNICO SUPERIOR EN SISTEMAS ELECTROTÉCNICOS Y AUTOMATIZADOS (LFP) (A DISTANCIA) ;122410013;A2;NO;15.64;NO;NO;0524;0523;0522;0519;0602;0179;0520;1708;
20;49200806B;GSPCID24/00740;CIDEAD CENTRO INTEGRADO DE ENSEÑANZAS REG;28700519;TÉCNICO SUPERIOR EN SISTEMAS ELECTROTÉCNICOS Y AUTOMATIZADOS (LFP) (A DISTANCIA) ;122410013;A2;NO;15;NO;NO;0524;0523;0522;0519;0602;0179;1709;0520;1708;
21;Y8678614S;GSPCID24/00634;CIDEAD CENTRO INTEGRADO DE ENSEÑANZAS REG;28700519;TÉCNICO SUPERIOR EN SISTEMAS ELECTROTÉCNICOS Y AUTOMATIZADOS (LFP) (A DISTANCIA) ;122410013;A2;NO;14;NO;NO;0524;0523;0522;0519;0602;1709;0520;1708;
22;70818452A;GSPCID24/00392;CIDEAD CENTRO INTEGRADO DE ENSEÑANZAS REG;28700519;TÉCNICO SUPERIOR EN SISTEMAS ELECTROTÉCNICOS Y AUTOMATIZADOS (LFP) (A DISTANCIA) ;122410013;A2;NO;13.9;NO;NO;0524;0523;0522;0519;0179;1709;1708;
1;44296942T;GSPCID24/00861;CIDEAD CENTRO INTEGRADO DE ENSEÑANZAS REG;28700519;TÉCNICO SUPERIOR EN SISTEMAS ELECTROTÉCNICOS Y AUTOMATIZADOS (LFP) (A DISTANCIA) ;122410013;B;NO;18.3;NO;NO;0524;0523;0522;0519;0602;0179;1709;0520;1708;
2;48987022N;GSPCID24/00389;CIDEAD CENTRO INTEGRADO DE ENSEÑANZAS REG;28700519;TÉCNICO SUPERIOR EN SISTEMAS ELECTROTÉCNICOS Y AUTOMATIZADOS (LFP) (A DISTANCIA) ;122410013;B;NO;17.6;NO;NO;0524;0523;0522;0519;0602;0179;1709;0520;1708;
3;80063271H;GSPCID24/00879;CIDEAD CENTRO INTEGRADO DE ENSEÑANZAS REG;28700519;TÉCNICO SUPERIOR EN SISTEMAS ELECTROTÉCNICOS Y AUTOMATIZADOS (LFP) (A DISTANCIA) ;122410013;B;NO;17.14;NO;NO;0524;0523;0522;0519;0602;0179;1709;0520;1708;
4;71953828F;GSPCID24/00707;CIDEAD CENTRO INTEGRADO DE ENSEÑANZAS REG;28700519;TÉCNICO SUPERIOR EN SISTEMAS ELECTROTÉCNICOS Y AUTOMATIZADOS (LFP) (A DISTANCIA) ;122410013;B;NO;17.1;NO;NO;0524;0523;0522;0519;0602;0520;1708;
5;60328075H;GSPCID24/00075;CIDEAD CENTRO INTEGRADO DE ENSEÑANZAS REG;28700519;TÉCNICO SUPERIOR EN SISTEMAS ELECTROTÉCNICOS Y AUTOMATIZADOS (LFP) (A DISTANCIA) ;122410013;B;NO;17.06;NO;NO;0524;0523;0522;0519;0602;1709;0520;1708;
6;03117283R;GSPCID24/00681;CIDEAD CENTRO INTEGRADO DE ENSEÑANZAS REG;28700519;TÉCNICO SUPERIOR EN SISTEMAS ELECTROTÉCNICOS Y AUTOMATIZADOS (LFP) (A DISTANCIA) ;122410013;B;NO;16.92;NO;NO;0524;0523;0522;0519;0602;0179;1709;0520;1708;
7;28949474H;GSPCID24/00123;CIDEAD CENTRO INTEGRADO DE ENSEÑANZAS REG;28700519;TÉCNICO SUPERIOR EN SISTEMAS ELECTROTÉCNICOS Y AUTOMATIZADOS (LFP) (A DISTANCIA) ;122410013;B;NO;16.7;NO;NO;0524;0523;0522;0519;0602;1709;0520;1708;
8;76029156B;GSPCID24/00125;CIDEAD CENTRO INTEGRADO DE ENSEÑANZAS REG;28700519;TÉCNICO SUPERIOR EN SISTEMAS ELECTROTÉCNICOS Y AUTOMATIZADOS (LFP) (A DISTANCIA) ;122410013;B;NO;16.5;NO;NO;0524;0523;0522;0519;0602;1709;0520;1708;
9;79194665F;GSPCID24/00287;CIDEAD CENTRO INTEGRADO DE ENSEÑANZAS REG;28700519;TÉCNICO SUPERIOR EN SISTEMAS ELECTROTÉCNICOS Y AUTOMATIZADOS (LFP) (A DISTANCIA) ;122410013;B;NO;16.42;NO;NO;0523;0519;0602;0520;1708;
10;73999922K;GSPCID24/00917;CIDEAD CENTRO INTEGRADO DE ENSEÑANZAS REG;28700519;TÉCNICO SUPERIOR EN SISTEMAS ELECTROTÉCNICOS Y AUTOMATIZADOS (LFP) (A DISTANCIA) ;122410013;B;NO;16.4;NO;NO;0524;0523;0522;0519;0602;0179;1709;0520;1708;
11;52335620V;GSPCID24/00591;CIDEAD CENTRO INTEGRADO DE ENSEÑANZAS REG;28700519;TÉCNICO SUPERIOR EN SISTEMAS ELECTROTÉCNICOS Y AUTOMATIZADOS (LFP) (A DISTANCIA) ;122410013;B;NO;16.26;NO;NO;0179;1709;0520;1708;
12;75139549K;GSPCID24/00531;CIDEAD CENTRO INTEGRADO DE ENSEÑANZAS REG;28700519;TÉCNICO SUPERIOR EN SISTEMAS ELECTROTÉCNICOS Y AUTOMATIZADOS (LFP) (A DISTANCIA) ;122410013;B;NO;16;NO;NO;0524;0523;0522;0519;0602;0179;1709;0520;1708;
13;28931761S;GSPCID24/00399;CIDEAD CENTRO INTEGRADO DE ENSEÑANZAS REG;28700519;TÉCNICO SUPERIOR EN SISTEMAS ELECTROTÉCNICOS Y AUTOMATIZADOS (LFP) (A DISTANCIA) ;122410013;B;NO;15.88;NO;NO;0524;0523;0522;0519;0602;0179;0520;
14;45729941F;GSPCID24/00600;CIDEAD CENTRO INTEGRADO DE ENSEÑANZAS REG;28700519;TÉCNICO SUPERIOR EN SISTEMAS ELECTROTÉCNICOS Y AUTOMATIZADOS (LFP) (A DISTANCIA) ;122410013;B;NO;15.59;NO;NO;0524;0523;0522;0519;0602;0179;1709;0520;1708;
15;20428313N;GSPCID24/00162;CIDEAD CENTRO INTEGRADO DE ENSEÑANZAS REG;28700519;TÉCNICO SUPERIOR EN SISTEMAS ELECTROTÉCNICOS Y AUTOMATIZADOS (LFP) (A DISTANCIA) ;122410013;B;NO;15.51;NO;NO;0524;0523;0522;0519;0602;0179;1709;1708;
16;48963214D;GSPCID24/00871;CIDEAD CENTRO INTEGRADO DE ENSEÑANZAS REG;28700519;TÉCNICO SUPERIOR EN SISTEMAS ELECTROTÉCNICOS Y AUTOMATIZADOS (LFP) (A DISTANCIA) ;122410013;B;NO;15.47;NO;NO;0524;0523;0522;0519;0602;0179;1709;1708;
17;09814197M;GSPCID24/00348;CIDEAD CENTRO INTEGRADO DE ENSEÑANZAS REG;28700519;TÉCNICO SUPERIOR EN SISTEMAS ELECTROTÉCNICOS Y AUTOMATIZADOS (LFP) (A DISTANCIA) ;122410013;B;NO;15.15;NO;NO;0524;0523;0522;0602;0179;1709;0520;1708;
18;52273497V;GSPCID24/00764;CIDEAD CENTRO INTEGRADO DE ENSEÑANZAS REG;28700519;TÉCNICO SUPERIOR EN SISTEMAS ELECTROTÉCNICOS Y AUTOMATIZADOS (LFP) (A DISTANCIA) ;122410013;B;NO;15.01;NO;NO;0524;0523;0602;0520;
19;16637839F;GSPCID24/00329;CIDEAD CENTRO INTEGRADO DE ENSEÑANZAS REG;28700519;TÉCNICO SUPERIOR EN SISTEMAS ELECTROTÉCNICOS Y AUTOMATIZADOS (LFP) (A DISTANCIA) ;122410013;B;NO;15;NO;NO;0524;0523;0522;0519;0602;0179;1709;0520;1708;
20;42207413K;GSPCID24/00147;CIDEAD CENTRO INTEGRADO DE ENSEÑANZAS REG;28700519;TÉCNICO SUPERIOR EN SISTEMAS ELECTROTÉCNICOS Y AUTOMATIZADOS (LFP) (A DISTANCIA) ;122410013;B;NO;14;NO;NO;0523;
21;30226009F;GSPCID24/00935;CIDEAD CENTRO INTEGRADO DE ENSEÑANZAS REG;28700519;TÉCNICO SUPERIOR EN SISTEMAS ELECTROTÉCNICOS Y AUTOMATIZADOS (LFP) (A DISTANCIA) ;122410013;B;NO;13;NO;NO;0524;0523;0522;0519;0602;0179;1709;0520;1708;
22;41537608E;GSPCID24/00082;CIDEAD CENTRO INTEGRADO DE ENSEÑANZAS REG;28700519;TÉCNICO SUPERIOR EN SISTEMAS ELECTROTÉCNICOS Y AUTOMATIZADOS (LFP) (A DISTANCIA) ;122410013;B;NO;12;NO;NO;0524;0523;0522;0519;0602;0179;1709;0520;1708;
23;46542239Z;GSPCID24/00859;CIDEAD CENTRO INTEGRADO DE ENSEÑANZAS REG;28700519;TÉCNICO SUPERIOR EN SISTEMAS ELECTROTÉCNICOS Y AUTOMATIZADOS (LFP) (A DISTANCIA) ;122410013;B;NO;11.09;NO;NO;0524;0523;0522;0519;0602;0520;
24;49105311N;GSPCID24/00919;CIDEAD CENTRO INTEGRADO DE ENSEÑANZAS REG;28700519;TÉCNICO SUPERIOR EN SISTEMAS ELECTROTÉCNICOS Y AUTOMATIZADOS (LFP) (A DISTANCIA) ;122410013;B;NO;10.99;NO;NO;0524;0523;0522;0519;0602;0179;1709;0520;1708;
25;45298387W;GSPCID24/00733;CIDEAD CENTRO INTEGRADO DE ENSEÑANZAS REG;28700519;TÉCNICO SUPERIOR EN SISTEMAS ELECTROTÉCNICOS Y AUTOMATIZADOS (LFP) (A DISTANCIA) ;122410013;B;NO;9;NO;NO;0602;
26;74366603J;GSPCID24/00937;CIDEAD CENTRO INTEGRADO DE ENSEÑANZAS REG;28700519;TÉCNICO SUPERIOR EN SISTEMAS ELECTROTÉCNICOS Y AUTOMATIZADOS (LFP) (A DISTANCIA) ;122410013;B;NO;9;NO;NO;0524;0523;0522;0519;0602;0179;1709;0520;1708;
1;77567974Z;GSPCID24/00627;CIDEAD CENTRO INTEGRADO DE ENSEÑANZAS REG;28700519;TÉCNICO SUPERIOR EN SISTEMAS ELECTROTÉCNICOS Y AUTOMATIZADOS (LFP) (A DISTANCIA) ;122410013;C;NO;20;NO;NO;0524;0523;0522;0519;0602;0179;1709;0520;1708;
2;49086992R;GSPCID24/00723;CIDEAD CENTRO INTEGRADO DE ENSEÑANZAS REG;28700519;TÉCNICO SUPERIOR EN SISTEMAS ELECTROTÉCNICOS Y AUTOMATIZADOS (LFP) (A DISTANCIA) ;122410013;C;NO;18.75;NO;NO;0524;0523;0522;0519;0602;0179;1709;0520;1708;
3;53330405Y;GSPCID24/00211;CIDEAD CENTRO INTEGRADO DE ENSEÑANZAS REG;28700519;TÉCNICO SUPERIOR EN SISTEMAS ELECTROTÉCNICOS Y AUTOMATIZADOS (LFP) (A DISTANCIA) ;122410013;C;NO;18.5;NO;NO;0524;0523;0522;0519;0602;1709;0520;1708;
4;44952050E;GSPCID24/00788;CIDEAD CENTRO INTEGRADO DE ENSEÑANZAS REG;28700519;TÉCNICO SUPERIOR EN SISTEMAS ELECTROTÉCNICOS Y AUTOMATIZADOS (LFP) (A DISTANCIA) ;122410013;C;NO;18.27;NO;NO;0523;0519;0179;1709;1708;
5;42195725V;GSPCID24/00025;CIDEAD CENTRO INTEGRADO DE ENSEÑANZAS REG;28700519;TÉCNICO SUPERIOR EN SISTEMAS ELECTROTÉCNICOS Y AUTOMATIZADOS (LFP) (A DISTANCIA) ;122410013;C;NO;18.15;NO;NO;0524;0523;0179;1708;
6;44621311T;GSPCID24/00820;CIDEAD CENTRO INTEGRADO DE ENSEÑANZAS REG;28700519;TÉCNICO SUPERIOR EN SISTEMAS ELECTROTÉCNICOS Y AUTOMATIZADOS (LFP) (A DISTANCIA) ;122410013;C;NO;18.14;NO;NO;0524;0523;0522;0602;0179;1709;0520;1708;
7;26284349H;GSPCID24/00701;CIDEAD CENTRO INTEGRADO DE ENSEÑANZAS REG;28700519;TÉCNICO SUPERIOR EN SISTEMAS ELECTROTÉCNICOS Y AUTOMATIZADOS (LFP) (A DISTANCIA) ;122410013;C;NO;18;NO;NO;0524;0523;0522;0519;0602;0179;1709;0520;1708;
8;24262582C;GSPCID24/00709;CIDEAD CENTRO INTEGRADO DE ENSEÑANZAS REG;28700519;TÉCNICO SUPERIOR EN SISTEMAS ELECTROTÉCNICOS Y AUTOMATIZADOS (LFP) (A DISTANCIA) ;122410013;C;NO;17.58;NO;NO;0524;0523;0522;0519;0602;0179;1709;0520;1708;
9;X1770815E;GSPCID24/00724;CIDEAD CENTRO INTEGRADO DE ENSEÑANZAS REG;28700519;TÉCNICO SUPERIOR EN SISTEMAS ELECTROTÉCNICOS Y AUTOMATIZADOS (LFP) (A DISTANCIA) ;122410013;C;NO;17.31;NO;NO;0524;0523;0522;0519;0602;0179;1709;0520;1708;
10;07271396S;GSPCID24/00609;CIDEAD CENTRO INTEGRADO DE ENSEÑANZAS REG;28700519;TÉCNICO SUPERIOR EN SISTEMAS ELECTROTÉCNICOS Y AUTOMATIZADOS (LFP) (A DISTANCIA) ;122410013;C;NO;17.23;NO;NO;0524;0523;0522;0519;0602;0179;1709;0520;1708;
11;51222191H;GSPCID24/00347;CIDEAD CENTRO INTEGRADO DE ENSEÑANZAS REG;28700519;TÉCNICO SUPERIOR EN SISTEMAS ELECTROTÉCNICOS Y AUTOMATIZADOS (LFP) (A DISTANCIA) ;122410013;C;NO;17.14;NO;NO;0524;0523;0522;0519;0602;0179;0520;
12;02240397J;GSPCID24/00014;CIDEAD CENTRO INTEGRADO DE ENSEÑANZAS REG;28700519;TÉCNICO SUPERIOR EN SISTEMAS ELECTROTÉCNICOS Y AUTOMATIZADOS (LFP) (A DISTANCIA) ;122410013;C;NO;16;NO;NO;0524;0523;0522;0519;0602;0179;1709;0520;1708;
13;48415589Z;GSPCID24/00086;CIDEAD CENTRO INTEGRADO DE ENSEÑANZAS REG;28700519;TÉCNICO SUPERIOR EN SISTEMAS ELECTROTÉCNICOS Y AUTOMATIZADOS (LFP) (A DISTANCIA) ;122410013;C;NO;15;NO;NO;0524;0523;0522;0519;0602;0520;
14;75110292C;GSPCID24/00683;CIDEAD CENTRO INTEGRADO DE ENSEÑANZAS REG;28700519;TÉCNICO SUPERIOR EN SISTEMAS ELECTROTÉCNICOS Y AUTOMATIZADOS (LFP) (A DISTANCIA) ;122410013;C;NO;15;NO;NO;0524;0523;0522;0519;0602;0179;1709;0520;1708;
15;30820491P;GSPCID24/00400;CIDEAD CENTRO INTEGRADO DE ENSEÑANZAS REG;28700519;TÉCNICO SUPERIOR EN SISTEMAS ELECTROTÉCNICOS Y AUTOMATIZADOS (LFP) (A DISTANCIA) ;122410013;C;NO;12.83;NO;NO;0524;0523;0522;0519;0602;0179;1709;0520;
16;45299834T;GSPCID24/00294;CIDEAD CENTRO INTEGRADO DE ENSEÑANZAS REG;28700519;TÉCNICO SUPERIOR EN SISTEMAS ELECTROTÉCNICOS Y AUTOMATIZADOS (LFP) (A DISTANCIA) ;122410013;C;NO;12.36;NO;NO;0524;0523;0522;0519;0602;1709;0520;1708;
17;45660105E;GSPCID24/00241;CIDEAD CENTRO INTEGRADO DE ENSEÑANZAS REG;28700519;TÉCNICO SUPERIOR EN SISTEMAS ELECTROTÉCNICOS Y AUTOMATIZADOS (LFP) (A DISTANCIA) ;122410013;C;NO;12.08;NO;NO;0524;0523;0522;0519;0602;1709;0520;1708;
18;04225085P;GSPCID24/00134;CIDEAD CENTRO INTEGRADO DE ENSEÑANZAS REG;28700519;TÉCNICO SUPERIOR EN SISTEMAS ELECTROTÉCNICOS Y AUTOMATIZADOS (LFP) (A DISTANCIA) ;122410013;C;NO;11.88;NO;NO;0524;0523;0522;0519;0602;1709;0520;1708;
19;06269838S;GSPCID24/00122;CIDEAD CENTRO INTEGRADO DE ENSEÑANZAS REG;28700519;TÉCNICO SUPERIOR EN SISTEMAS ELECTROTÉCNICOS Y AUTOMATIZADOS (LFP) (A DISTANCIA) ;122410013;C;NO;11.57;NO;NO;0524;0523;0522;0519;0602;0179;0520;1708;
20;41516761J;GSPCID24/00049;CIDEAD CENTRO INTEGRADO DE ENSEÑANZAS REG;28700519;TÉCNICO SUPERIOR EN SISTEMAS ELECTROTÉCNICOS Y AUTOMATIZADOS (LFP) (A DISTANCIA) ;122410013;C;NO;11.15;NO;NO;0524;0523;0522;0602;
21;08875182B;GSPCID24/00272;CIDEAD CENTRO INTEGRADO DE ENSEÑANZAS REG;28700519;TÉCNICO SUPERIOR EN SISTEMAS ELECTROTÉCNICOS Y AUTOMATIZADOS (LFP) (A DISTANCIA) ;122410013;C;NO;10.31;NO;NO;0524;0523;0522;0519;0602;0179;1709;0520;1708;
22;44399029J;GSPCID24/00386;CIDEAD CENTRO INTEGRADO DE ENSEÑANZAS REG;28700519;TÉCNICO SUPERIOR EN SISTEMAS ELECTROTÉCNICOS Y AUTOMATIZADOS (LFP) (A DISTANCIA) ;122410013;C;NO;9.78;NO;NO;0524;0523;0522;0519;0602;0179;1709;0520;1708;
23;20825639J;GSPCID24/00942;CIDEAD CENTRO INTEGRADO DE ENSEÑANZAS REG;28700519;TÉCNICO SUPERIOR EN SISTEMAS ELECTROTÉCNICOS Y AUTOMATIZADOS (LFP) (A DISTANCIA) ;122410013;C;NO;9.4;NO;NO;0524;0523;0522;0519;0602;0179;1709;0520;1708;
24;28954256Q;GSPCID24/00369;CIDEAD CENTRO INTEGRADO DE ENSEÑANZAS REG;28700519;TÉCNICO SUPERIOR EN SISTEMAS ELECTROTÉCNICOS Y AUTOMATIZADOS (LFP) (A DISTANCIA) ;122410013;C;NO;9;NO;NO;0524;0523;0522;0519;0602;0179;0520;1708;
1;11832711Q;GSPCID24/00056;CIDEAD CENTRO INTEGRADO DE ENSEÑANZAS REG;28700519;TÉCNICO SUPERIOR EN SISTEMAS ELECTROTÉCNICOS Y AUTOMATIZADOS (LFP) (A DISTANCIA) ;122410013;D;NO;15;NO;NO;0524;0523;0522;0519;0602;0179;0520;1708;
1;06605737E;GSPCID24/00227;CIDEAD CENTRO INTEGRADO DE ENSEÑANZAS REG;28700519;TÉCNICO SUPERIOR EN AUTOMATIZACIÓN Y ROBÓTICA INDUSTRIAL (LFP) (A DISTANCIA) ;122410043;A2;NO;13.42;SI;NO;0963;0964;0179;0961;0962;0959;0960;1708;
2;71141809A;GSPCID24/00129;CIDEAD CENTRO INTEGRADO DE ENSEÑANZAS REG;28700519;TÉCNICO SUPERIOR EN AUTOMATIZACIÓN Y ROBÓTICA INDUSTRIAL (LFP) (A DISTANCIA) ;122410043;C;NO;12.69;SI;NO;0963;0964;0179;0961;0962;0959;0960;1708;
3;07959449T;GSPCID24/00923;CIDEAD CENTRO INTEGRADO DE ENSEÑANZAS REG;28700519;TÉCNICO SUPERIOR EN AUTOMATIZACIÓN Y ROBÓTICA INDUSTRIAL (LFP) (A DISTANCIA) ;122410043;C;NO;11.7;SI;NO;0963;0964;0961;0962;0959;0960;1708;
1;X9327296Z;GSPCID24/00301;CIDEAD CENTRO INTEGRADO DE ENSEÑANZAS REG;28700519;TÉCNICO SUPERIOR EN AUTOMATIZACIÓN Y ROBÓTICA INDUSTRIAL (LFP) (A DISTANCIA) ;122410043;A1;NO;23.75;NO;NO;0964;0179;1709;0961;0962;0959;0960;
2;44064007D;GSPCID24/00277;CIDEAD CENTRO INTEGRADO DE ENSEÑANZAS REG;28700519;TÉCNICO SUPERIOR EN AUTOMATIZACIÓN Y ROBÓTICA INDUSTRIAL (LFP) (A DISTANCIA) ;122410043;A1;NO;23.11;NO;NO;0963;0964;0179;1709;0961;0962;0959;1708;
3;20601112N;GSPCID24/00139;CIDEAD CENTRO INTEGRADO DE ENSEÑANZAS REG;28700519;TÉCNICO SUPERIOR EN AUTOMATIZACIÓN Y ROBÓTICA INDUSTRIAL (LFP) (A DISTANCIA) ;122410043;A1;NO;22.37;NO;NO;0963;0964;1709;0961;0962;0959;0960;1708;
4;Y2946170E;GSPCID24/00939;CIDEAD CENTRO INTEGRADO DE ENSEÑANZAS REG;28700519;TÉCNICO SUPERIOR EN AUTOMATIZACIÓN Y ROBÓTICA INDUSTRIAL (LFP) (A DISTANCIA) ;122410043;A1;NO;21.5;NO;NO;0963;0964;0179;1709;0961;0962;0959;0960;1708;
5;45940064W;GSPCID24/00435;CIDEAD CENTRO INTEGRADO DE ENSEÑANZAS REG;28700519;TÉCNICO SUPERIOR EN AUTOMATIZACIÓN Y ROBÓTICA INDUSTRIAL (LFP) (A DISTANCIA) ;122410043;A1;NO;20.78;NO;NO;0963;0964;0179;1709;0961;0962;0959;0960;1708;
6;53255181S;GSPCID24/00726;CIDEAD CENTRO INTEGRADO DE ENSEÑANZAS REG;28700519;TÉCNICO SUPERIOR EN AUTOMATIZACIÓN Y ROBÓTICA INDUSTRIAL (LFP) (A DISTANCIA) ;122410043;A1;NO;20.7;NO;NO;0963;0964;1709;0961;0962;0959;0960;1708;
7;71314213E;GSPCID24/00078;CIDEAD CENTRO INTEGRADO DE ENSEÑANZAS REG;28700519;TÉCNICO SUPERIOR EN AUTOMATIZACIÓN Y ROBÓTICA INDUSTRIAL (LFP) (A DISTANCIA) ;122410043;A1;NO;20.29;NO;NO;0963;0964;0179;1709;0961;0962;0959;0960;1708;
8;77154683X;GSPCID24/00670;CIDEAD CENTRO INTEGRADO DE ENSEÑANZAS REG;28700519;TÉCNICO SUPERIOR EN AUTOMATIZACIÓN Y ROBÓTICA INDUSTRIAL (LFP) (A DISTANCIA) ;122410043;A1;NO;20.26;NO;NO;0963;0964;0179;1709;0961;0962;0959;0960;1708;
9;74853141D;GSPCID24/00501;CIDEAD CENTRO INTEGRADO DE ENSEÑANZAS REG;28700519;TÉCNICO SUPERIOR EN AUTOMATIZACIÓN Y ROBÓTICA INDUSTRIAL (LFP) (A DISTANCIA) ;122410043;A1;NO;20.2;NO;NO;0963;0964;0179;1709;0961;0962;0959;0960;
10;50637222P;GSPCID24/00621;CIDEAD CENTRO INTEGRADO DE ENSEÑANZAS REG;28700519;TÉCNICO SUPERIOR EN AUTOMATIZACIÓN Y ROBÓTICA INDUSTRIAL (LFP) (A DISTANCIA) ;122410043;A1;NO;20.08;NO;NO;0963;0964;0179;1709;0961;0962;0959;0960;1708;
11;46998401V;GSPCID24/00217;CIDEAD CENTRO INTEGRADO DE ENSEÑANZAS REG;28700519;TÉCNICO SUPERIOR EN AUTOMATIZACIÓN Y ROBÓTICA INDUSTRIAL (LFP) (A DISTANCIA) ;122410043;A1;NO;19.88;NO;NO;0963;0964;0179;1709;0961;0962;0959;0960;1708;
12;51257804G;GSPCID24/00769;CIDEAD CENTRO INTEGRADO DE ENSEÑANZAS REG;28700519;TÉCNICO SUPERIOR EN AUTOMATIZACIÓN Y ROBÓTICA INDUSTRIAL (LFP) (A DISTANCIA) ;122410043;A1;NO;19.58;NO;NO;0963;0964;0961;0960;1708;
13;52359737F;GSPCID24/00573;CIDEAD CENTRO INTEGRADO DE ENSEÑANZAS REG;28700519;TÉCNICO SUPERIOR EN AUTOMATIZACIÓN Y ROBÓTICA INDUSTRIAL (LFP) (A DISTANCIA) ;122410043;A1;NO;19;NO;NO;0963;0964;0179;1709;0961;0962;0959;0960;
14;72408114C;GSPCID24/00462;CIDEAD CENTRO INTEGRADO DE ENSEÑANZAS REG;28700519;TÉCNICO SUPERIOR EN AUTOMATIZACIÓN Y ROBÓTICA INDUSTRIAL (LFP) (A DISTANCIA) ;122410043;A1;NO;19;NO;NO;0963;0964;0179;1709;0961;0962;0959;0960;1708;
15;03933538D;GSPCID24/00530;CIDEAD CENTRO INTEGRADO DE ENSEÑANZAS REG;28700519;TÉCNICO SUPERIOR EN AUTOMATIZACIÓN Y ROBÓTICA INDUSTRIAL (LFP) (A DISTANCIA) ;122410043;A1;NO;18.28;NO;NO;0963;0964;0179;1709;0961;0962;0959;0960;
16;54051126E;GSPCID24/00635;CIDEAD CENTRO INTEGRADO DE ENSEÑANZAS REG;28700519;TÉCNICO SUPERIOR EN AUTOMATIZACIÓN Y ROBÓTICA INDUSTRIAL (LFP) (A DISTANCIA) ;122410043;A1;NO;16.8;NO;NO;0964;0959;0960;1708;
17;70286391R;GSPCID24/00603;CIDEAD CENTRO INTEGRADO DE ENSEÑANZAS REG;28700519;TÉCNICO SUPERIOR EN AUTOMATIZACIÓN Y ROBÓTICA INDUSTRIAL (LFP) (A DISTANCIA) ;122410043;A1;NO;16.35;NO;NO;0963;0964;0179;1709;0961;0962;0959;0960;
18;71954054A;GSPCID24/00153;CIDEAD CENTRO INTEGRADO DE ENSEÑANZAS REG;28700519;TÉCNICO SUPERIOR EN AUTOMATIZACIÓN Y ROBÓTICA INDUSTRIAL (LFP) (A DISTANCIA) ;122410043;A1;NO;16.28;NO;NO;0963;0964;1709;0961;0962;0959;0960;1708;
19;70258771G;GSPCID24/00264;CIDEAD CENTRO INTEGRADO DE ENSEÑANZAS REG;28700519;TÉCNICO SUPERIOR EN AUTOMATIZACIÓN Y ROBÓTICA INDUSTRIAL (LFP) (A DISTANCIA) ;122410043;A1;NO;15.82;NO;NO;0963;0964;0179;1709;0961;0962;0959;0960;1708;
20;26533220Y;GSPCID24/00286;CIDEAD CENTRO INTEGRADO DE ENSEÑANZAS REG;28700519;TÉCNICO SUPERIOR EN AUTOMATIZACIÓN Y ROBÓTICA INDUSTRIAL (LFP) (A DISTANCIA) ;122410043;A1;NO;14.95;NO;NO;0963;0964;0179;1709;0961;0962;0959;0960;1708;
21;46957339X;GSPCID24/00219;CIDEAD CENTRO INTEGRADO DE ENSEÑANZAS REG;28700519;TÉCNICO SUPERIOR EN AUTOMATIZACIÓN Y ROBÓTICA INDUSTRIAL (LFP) (A DISTANCIA) ;122410043;A1;NO;14.2;NO;NO;0961;0959;
22;53576897F;GSPCID24/00284;CIDEAD CENTRO INTEGRADO DE ENSEÑANZAS REG;28700519;TÉCNICO SUPERIOR EN AUTOMATIZACIÓN Y ROBÓTICA INDUSTRIAL (LFP) (A DISTANCIA) ;122410043;A1;NO;14;NO;NO;0963;0964;1709;0961;0962;0959;0960;1708;
23;09390713C;GSPCID24/00374;CIDEAD CENTRO INTEGRADO DE ENSEÑANZAS REG;28700519;TÉCNICO SUPERIOR EN AUTOMATIZACIÓN Y ROBÓTICA INDUSTRIAL (LFP) (A DISTANCIA) ;122410043;A1;NO;13;NO;NO;0964;0179;0962;
24;32890983V;GSPCID24/00775;CIDEAD CENTRO INTEGRADO DE ENSEÑANZAS REG;28700519;TÉCNICO SUPERIOR EN AUTOMATIZACIÓN Y ROBÓTICA INDUSTRIAL (LFP) (A DISTANCIA) ;122410043;A1;NO;13;NO;NO;0963;0964;0179;1709;0961;0962;0959;0960;1708;
1;54422557A;GSPCID24/00817;CIDEAD CENTRO INTEGRADO DE ENSEÑANZAS REG;28700519;TÉCNICO SUPERIOR EN AUTOMATIZACIÓN Y ROBÓTICA INDUSTRIAL (LFP) (A DISTANCIA) ;122410043;A2;NO;20.82;NO;NO;0963;0964;0179;1709;0961;0962;0959;0960;1708;
2;50241284S;GSPCID24/00514;CIDEAD CENTRO INTEGRADO DE ENSEÑANZAS REG;28700519;TÉCNICO SUPERIOR EN AUTOMATIZACIÓN Y ROBÓTICA INDUSTRIAL (LFP) (A DISTANCIA) ;122410043;A2;NO;20.8;NO;NO;0963;0964;0179;1709;0961;0962;0959;0960;
3;31724036K;GSPCID24/00181;CIDEAD CENTRO INTEGRADO DE ENSEÑANZAS REG;28700519;TÉCNICO SUPERIOR EN AUTOMATIZACIÓN Y ROBÓTICA INDUSTRIAL (LFP) (A DISTANCIA) ;122410043;A2;NO;20.77;NO;NO;0963;0964;0179;0961;0962;0959;0960;1708;
4;53604818Y;GSPCID24/00062;CIDEAD CENTRO INTEGRADO DE ENSEÑANZAS REG;28700519;TÉCNICO SUPERIOR EN AUTOMATIZACIÓN Y ROBÓTICA INDUSTRIAL (LFP) (A DISTANCIA) ;122410043;A2;NO;20.73;NO;NO;0963;0964;0179;1709;0961;0962;0959;0960;1708;
5;71043762M;GSPCID24/00433;CIDEAD CENTRO INTEGRADO DE ENSEÑANZAS REG;28700519;TÉCNICO SUPERIOR EN AUTOMATIZACIÓN Y ROBÓTICA INDUSTRIAL (LFP) (A DISTANCIA) ;122410043;A2;NO;20.58;NO;NO;0963;0964;0179;0961;0962;0959;0960;
6;76954933S;GSPCID24/00289;CIDEAD CENTRO INTEGRADO DE ENSEÑANZAS REG;28700519;TÉCNICO SUPERIOR EN AUTOMATIZACIÓN Y ROBÓTICA INDUSTRIAL (LFP) (A DISTANCIA) ;122410043;A2;NO;20.29;NO;NO;0963;0964;0959;1708;
7;53930222Y;GSPCID24/00504;CIDEAD CENTRO INTEGRADO DE ENSEÑANZAS REG;28700519;TÉCNICO SUPERIOR EN AUTOMATIZACIÓN Y ROBÓTICA INDUSTRIAL (LFP) (A DISTANCIA) ;122410043;A2;NO;20;NO;NO;0963;0964;0179;1709;0961;0962;0959;0960;1708;
8;71454294X;GSPCID24/00928;CIDEAD CENTRO INTEGRADO DE ENSEÑANZAS REG;28700519;TÉCNICO SUPERIOR EN AUTOMATIZACIÓN Y ROBÓTICA INDUSTRIAL (LFP) (A DISTANCIA) ;122410043;A2;NO;19.18;NO;NO;0961;0962;0959;
9;73201848R;GSPCID24/00605;CIDEAD CENTRO INTEGRADO DE ENSEÑANZAS REG;28700519;TÉCNICO SUPERIOR EN AUTOMATIZACIÓN Y ROBÓTICA INDUSTRIAL (LFP) (A DISTANCIA) ;122410043;A2;NO;19;NO;NO;0963;0964;1709;0961;0962;0959;0960;1708;
10;44965485W;GSPCID24/00421;CIDEAD CENTRO INTEGRADO DE ENSEÑANZAS REG;28700519;TÉCNICO SUPERIOR EN AUTOMATIZACIÓN Y ROBÓTICA INDUSTRIAL (LFP) (A DISTANCIA) ;122410043;A2;NO;19;NO;NO;0963;0964;0179;1709;0961;0962;0959;0960;
11;30967336K;GSPCID24/00128;CIDEAD CENTRO INTEGRADO DE ENSEÑANZAS REG;28700519;TÉCNICO SUPERIOR EN AUTOMATIZACIÓN Y ROBÓTICA INDUSTRIAL (LFP) (A DISTANCIA) ;122410043;A2;NO;15.2;NO;NO;0963;0964;0179;1709;0961;0962;0959;1708;
12;77759055B;GSPCID24/00765;CIDEAD CENTRO INTEGRADO DE ENSEÑANZAS REG;28700519;TÉCNICO SUPERIOR EN AUTOMATIZACIÓN Y ROBÓTICA INDUSTRIAL (LFP) (A DISTANCIA) ;122410043;A2;NO;15;NO;NO;0963;0964;0179;1709;0961;0962;0959;0960;1708;
1;42255273H;GSPCID24/00948;CIDEAD CENTRO INTEGRADO DE ENSEÑANZAS REG;28700519;TÉCNICO SUPERIOR EN AUTOMATIZACIÓN Y ROBÓTICA INDUSTRIAL (LFP) (A DISTANCIA) ;122410043;B;NO;18.6;NO;NO;0963;0964;0179;1709;0961;0962;0959;0960;1708;
2;42860695B;GSPCID24/00043;CIDEAD CENTRO INTEGRADO DE ENSEÑANZAS REG;28700519;TÉCNICO SUPERIOR EN AUTOMATIZACIÓN Y ROBÓTICA INDUSTRIAL (LFP) (A DISTANCIA) ;122410043;B;NO;17.8;NO;NO;0961;0959;
3;71418996V;GSPCID24/00280;CIDEAD CENTRO INTEGRADO DE ENSEÑANZAS REG;28700519;TÉCNICO SUPERIOR EN AUTOMATIZACIÓN Y ROBÓTICA INDUSTRIAL (LFP) (A DISTANCIA) ;122410043;B;NO;17.28;NO;NO;0963;0964;0179;1709;0961;0962;0959;0960;1708;
4;44745716K;GSPCID24/00555;CIDEAD CENTRO INTEGRADO DE ENSEÑANZAS REG;28700519;TÉCNICO SUPERIOR EN AUTOMATIZACIÓN Y ROBÓTICA INDUSTRIAL (LFP) (A DISTANCIA) ;122410043;B;NO;17.28;NO;NO;0963;0964;0179;1709;0961;0962;0959;0960;1708;
5;53275834Z;GSPCID24/00945;CIDEAD CENTRO INTEGRADO DE ENSEÑANZAS REG;28700519;TÉCNICO SUPERIOR EN AUTOMATIZACIÓN Y ROBÓTICA INDUSTRIAL (LFP) (A DISTANCIA) ;122410043;B;NO;16.77;NO;NO;0961;0959;0960;
6;24369486C;GSPCID24/00770;CIDEAD CENTRO INTEGRADO DE ENSEÑANZAS REG;28700519;TÉCNICO SUPERIOR EN AUTOMATIZACIÓN Y ROBÓTICA INDUSTRIAL (LFP) (A DISTANCIA) ;122410043;B;NO;16.32;NO;NO;0963;0964;0179;1709;0961;0962;0959;0960;1708;
7;48008531X;GSPCID24/00659;CIDEAD CENTRO INTEGRADO DE ENSEÑANZAS REG;28700519;TÉCNICO SUPERIOR EN AUTOMATIZACIÓN Y ROBÓTICA INDUSTRIAL (LFP) (A DISTANCIA) ;122410043;B;NO;16.03;NO;NO;0963;0964;0179;1709;0961;0962;0959;0960;1708;
8;79221983R;GSPCID24/00517;CIDEAD CENTRO INTEGRADO DE ENSEÑANZAS REG;28700519;TÉCNICO SUPERIOR EN AUTOMATIZACIÓN Y ROBÓTICA INDUSTRIAL (LFP) (A DISTANCIA) ;122410043;B;NO;15.93;NO;NO;0964;0960;
9;73215082X;GSPCID24/00439;CIDEAD CENTRO INTEGRADO DE ENSEÑANZAS REG;28700519;TÉCNICO SUPERIOR EN AUTOMATIZACIÓN Y ROBÓTICA INDUSTRIAL (LFP) (A DISTANCIA) ;122410043;B;NO;15.25;NO;NO;0963;0964;0179;1709;0961;0962;0959;0960;
10;30987949A;GSPCID24/00205;CIDEAD CENTRO INTEGRADO DE ENSEÑANZAS REG;28700519;TÉCNICO SUPERIOR EN AUTOMATIZACIÓN Y ROBÓTICA INDUSTRIAL (LFP) (A DISTANCIA) ;122410043;B;NO;15;NO;NO;0963;1709;0959;1708;
11;Y7611650K;GSPCID24/00773;CIDEAD CENTRO INTEGRADO DE ENSEÑANZAS REG;28700519;TÉCNICO SUPERIOR EN AUTOMATIZACIÓN Y ROBÓTICA INDUSTRIAL (LFP) (A DISTANCIA) ;122410043;B;NO;15;NO;NO;0963;0964;0179;1709;0961;0962;0959;0960;1708;
12;47505265F;GSPCID24/00833;CIDEAD CENTRO INTEGRADO DE ENSEÑANZAS REG;28700519;TÉCNICO SUPERIOR EN AUTOMATIZACIÓN Y ROBÓTICA INDUSTRIAL (LFP) (A DISTANCIA) ;122410043;B;NO;15;NO;NO;0961;0959;0960;
13;30996229A;GSPCID24/00853;CIDEAD CENTRO INTEGRADO DE ENSEÑANZAS REG;28700519;TÉCNICO SUPERIOR EN AUTOMATIZACIÓN Y ROBÓTICA INDUSTRIAL (LFP) (A DISTANCIA) ;122410043;B;NO;15;NO;NO;0964;0960;
14;52606643P;GSPCID24/00023;CIDEAD CENTRO INTEGRADO DE ENSEÑANZAS REG;28700519;TÉCNICO SUPERIOR EN AUTOMATIZACIÓN Y ROBÓTICA INDUSTRIAL (LFP) (A DISTANCIA) ;122410043;B;NO;9.73;NO;NO;0963;0964;1709;0961;0962;0959;0960;1708;
15;74875197P;GSPCID24/00893;CIDEAD CENTRO INTEGRADO DE ENSEÑANZAS REG;28700519;TÉCNICO SUPERIOR EN AUTOMATIZACIÓN Y ROBÓTICA INDUSTRIAL (LFP) (A DISTANCIA) ;122410043;B;NO;9;NO;NO;0963;0964;0179;1709;0961;0962;0959;0960;1708;
16;54100815P;GSPCID24/00656;CIDEAD CENTRO INTEGRADO DE ENSEÑANZAS REG;28700519;TÉCNICO SUPERIOR EN AUTOMATIZACIÓN Y ROBÓTICA INDUSTRIAL (LFP) (A DISTANCIA) ;122410043;B;NO;9;NO;NO;0179;
17;06564727K;GSPCID24/00127;CIDEAD CENTRO INTEGRADO DE ENSEÑANZAS REG;28700519;TÉCNICO SUPERIOR EN AUTOMATIZACIÓN Y ROBÓTICA INDUSTRIAL (LFP) (A DISTANCIA) ;122410043;B;NO;9;NO;NO;0963;0964;0179;1709;0961;0962;0959;0960;1708;
1;53166565H;GSPCID24/00682;CIDEAD CENTRO INTEGRADO DE ENSEÑANZAS REG;28700519;TÉCNICO SUPERIOR EN AUTOMATIZACIÓN Y ROBÓTICA INDUSTRIAL (LFP) (A DISTANCIA) ;122410043;C;NO;18.46;NO;NO;1709;
2;24419130F;GSPCID24/00752;CIDEAD CENTRO INTEGRADO DE ENSEÑANZAS REG;28700519;TÉCNICO SUPERIOR EN AUTOMATIZACIÓN Y ROBÓTICA INDUSTRIAL (LFP) (A DISTANCIA) ;122410043;C;NO;18.38;NO;NO;0964;0961;0962;0959;0960;1708;
3;01183567X;GSPCID24/00912;CIDEAD CENTRO INTEGRADO DE ENSEÑANZAS REG;28700519;TÉCNICO SUPERIOR EN AUTOMATIZACIÓN Y ROBÓTICA INDUSTRIAL (LFP) (A DISTANCIA) ;122410043;C;NO;17.79;NO;NO;0963;0964;0179;1709;0961;0962;0959;0960;1708;
4;48911616T;GSPCID24/00012;CIDEAD CENTRO INTEGRADO DE ENSEÑANZAS REG;28700519;TÉCNICO SUPERIOR EN AUTOMATIZACIÓN Y ROBÓTICA INDUSTRIAL (LFP) (A DISTANCIA) ;122410043;C;NO;17.69;NO;NO;0963;0964;0179;0961;0962;0959;0960;1708;
5;25453282X;GSPCID24/00331;CIDEAD CENTRO INTEGRADO DE ENSEÑANZAS REG;28700519;TÉCNICO SUPERIOR EN AUTOMATIZACIÓN Y ROBÓTICA INDUSTRIAL (LFP) (A DISTANCIA) ;122410043;C;NO;17.5;NO;NO;0963;0959;0960;
6;X5701946Q;GSPCID24/00174;CIDEAD CENTRO INTEGRADO DE ENSEÑANZAS REG;28700519;TÉCNICO SUPERIOR EN AUTOMATIZACIÓN Y ROBÓTICA INDUSTRIAL (LFP) (A DISTANCIA) ;122410043;C;NO;16.83;NO;NO;0961;0962;
7;54368918T;GSPCID24/00625;CIDEAD CENTRO INTEGRADO DE ENSEÑANZAS REG;28700519;TÉCNICO SUPERIOR EN AUTOMATIZACIÓN Y ROBÓTICA INDUSTRIAL (LFP) (A DISTANCIA) ;122410043;C;NO;16.63;NO;NO;0963;0964;0179;1709;0961;1708;
8;47486607W;GSPCID24/00313;CIDEAD CENTRO INTEGRADO DE ENSEÑANZAS REG;28700519;TÉCNICO SUPERIOR EN AUTOMATIZACIÓN Y ROBÓTICA INDUSTRIAL (LFP) (A DISTANCIA) ;122410043;C;NO;16.62;NO;NO;0962;0960;
9;23049040G;GSPCID24/00780;CIDEAD CENTRO INTEGRADO DE ENSEÑANZAS REG;28700519;TÉCNICO SUPERIOR EN AUTOMATIZACIÓN Y ROBÓTICA INDUSTRIAL (LFP) (A DISTANCIA) ;122410043;C;NO;16.62;NO;NO;0963;0964;0179;1709;0961;0962;0959;0960;1708;
10;79346846C;GSPCID24/00279;CIDEAD CENTRO INTEGRADO DE ENSEÑANZAS REG;28700519;TÉCNICO SUPERIOR EN AUTOMATIZACIÓN Y ROBÓTICA INDUSTRIAL (LFP) (A DISTANCIA) ;122410043;C;NO;16.36;NO;NO;0963;0964;0179;1709;0961;0962;0959;0960;1708;
11;Y1970847Z;GSPCID24/00311;CIDEAD CENTRO INTEGRADO DE ENSEÑANZAS REG;28700519;TÉCNICO SUPERIOR EN AUTOMATIZACIÓN Y ROBÓTICA INDUSTRIAL (LFP) (A DISTANCIA) ;122410043;C;NO;16.18;NO;NO;0963;0964;1709;0961;0962;0959;0960;1708;
12;11825632K;GSPCID24/00084;CIDEAD CENTRO INTEGRADO DE ENSEÑANZAS REG;28700519;TÉCNICO SUPERIOR EN AUTOMATIZACIÓN Y ROBÓTICA INDUSTRIAL (LFP) (A DISTANCIA) ;122410043;C;NO;16;NO;NO;0964;0179;0960;
13;76822772N;GSPCID24/00617;CIDEAD CENTRO INTEGRADO DE ENSEÑANZAS REG;28700519;TÉCNICO SUPERIOR EN AUTOMATIZACIÓN Y ROBÓTICA INDUSTRIAL (LFP) (A DISTANCIA) ;122410043;C;NO;15.95;NO;NO;0963;0964;1709;0961;
14;75239431Z;GSPCID24/00398;CIDEAD CENTRO INTEGRADO DE ENSEÑANZAS REG;28700519;TÉCNICO SUPERIOR EN AUTOMATIZACIÓN Y ROBÓTICA INDUSTRIAL (LFP) (A DISTANCIA) ;122410043;C;NO;15.9;NO;NO;0963;0964;0179;1709;0961;0962;0959;0960;1708;
15;47501817D;GSPCID24/00509;CIDEAD CENTRO INTEGRADO DE ENSEÑANZAS REG;28700519;TÉCNICO SUPERIOR EN AUTOMATIZACIÓN Y ROBÓTICA INDUSTRIAL (LFP) (A DISTANCIA) ;122410043;C;NO;15.5;NO;NO;0963;0964;0179;1709;0961;0962;0959;0960;1708;
16;70356738Z;GSPCID24/00055;CIDEAD CENTRO INTEGRADO DE ENSEÑANZAS REG;28700519;TÉCNICO SUPERIOR EN AUTOMATIZACIÓN Y ROBÓTICA INDUSTRIAL (LFP) (A DISTANCIA) ;122410043;C;NO;15.14;NO;NO;0963;0964;0961;0962;0959;0960;1708;
17;47755136Y;GSPCID24/00048;CIDEAD CENTRO INTEGRADO DE ENSEÑANZAS REG;28700519;TÉCNICO SUPERIOR EN AUTOMATIZACIÓN Y ROBÓTICA INDUSTRIAL (LFP) (A DISTANCIA) ;122410043;C;NO;15;NO;NO;0963;0964;0179;1709;0961;0959;0960;1708;
18;41740131F;GSPCID24/00657;CIDEAD CENTRO INTEGRADO DE ENSEÑANZAS REG;28700519;TÉCNICO SUPERIOR EN AUTOMATIZACIÓN Y ROBÓTICA INDUSTRIAL (LFP) (A DISTANCIA) ;122410043;C;NO;15;NO;NO;0963;0964;0179;0960;
19;74644700V;GSPCID24/00963;CIDEAD CENTRO INTEGRADO DE ENSEÑANZAS REG;28700519;TÉCNICO SUPERIOR EN AUTOMATIZACIÓN Y ROBÓTICA INDUSTRIAL (LFP) (A DISTANCIA) ;122410043;C;NO;15;NO;NO;0963;0961;0962;1708;
20;50864514Z;GSPCID24/00725;CIDEAD CENTRO INTEGRADO DE ENSEÑANZAS REG;28700519;TÉCNICO SUPERIOR EN AUTOMATIZACIÓN Y ROBÓTICA INDUSTRIAL (LFP) (A DISTANCIA) ;122410043;C;NO;15;NO;NO;0964;0179;1708;
21;11441917S;GSPCID24/00032;CIDEAD CENTRO INTEGRADO DE ENSEÑANZAS REG;28700519;TÉCNICO SUPERIOR EN AUTOMATIZACIÓN Y ROBÓTICA INDUSTRIAL (LFP) (A DISTANCIA) ;122410043;C;NO;15;NO;NO;0963;0964;0179;0961;0962;0959;0960;1708;
22;04244454B;GSPCID24/00099;CIDEAD CENTRO INTEGRADO DE ENSEÑANZAS REG;28700519;TÉCNICO SUPERIOR EN AUTOMATIZACIÓN Y ROBÓTICA INDUSTRIAL (LFP) (A DISTANCIA) ;122410043;C;NO;13.21;NO;NO;0963;0964;0179;1709;0961;0962;0959;1708;
23;51992576H;GSPCID24/00495;CIDEAD CENTRO INTEGRADO DE ENSEÑANZAS REG;28700519;TÉCNICO SUPERIOR EN AUTOMATIZACIÓN Y ROBÓTICA INDUSTRIAL (LFP) (A DISTANCIA) ;122410043;C;NO;13;NO;NO;0963;0964;0179;1709;0961;0962;0959;0960;1708;
24;71944615V;GSPCID24/00736;CIDEAD CENTRO INTEGRADO DE ENSEÑANZAS REG;28700519;TÉCNICO SUPERIOR EN AUTOMATIZACIÓN Y ROBÓTICA INDUSTRIAL (LFP) (A DISTANCIA) ;122410043;C;NO;11.64;NO;NO;0961;0962;0959;0960;
25;43211559X;GSPCID24/00238;CIDEAD CENTRO INTEGRADO DE ENSEÑANZAS REG;28700519;TÉCNICO SUPERIOR EN AUTOMATIZACIÓN Y ROBÓTICA INDUSTRIAL (LFP) (A DISTANCIA) ;122410043;C;NO;11.42;NO;NO;0963;0964;0179;1709;0960;
26;09341217C;GSPCID24/00119;CIDEAD CENTRO INTEGRADO DE ENSEÑANZAS REG;28700519;TÉCNICO SUPERIOR EN AUTOMATIZACIÓN Y ROBÓTICA INDUSTRIAL (LFP) (A DISTANCIA) ;122410043;C;NO;11.2;NO;NO;0963;0964;0959;
27;04345812P;GSPCID24/00829;CIDEAD CENTRO INTEGRADO DE ENSEÑANZAS REG;28700519;TÉCNICO SUPERIOR EN AUTOMATIZACIÓN Y ROBÓTICA INDUSTRIAL (LFP) (A DISTANCIA) ;122410043;C;NO;11.2;NO;NO;0963;0964;0179;1709;0961;1708;
28;Y0346977J;GSPCID24/00021;CIDEAD CENTRO INTEGRADO DE ENSEÑANZAS REG;28700519;TÉCNICO SUPERIOR EN AUTOMATIZACIÓN Y ROBÓTICA INDUSTRIAL (LFP) (A DISTANCIA) ;122410043;C;NO;10.79;NO;NO;0963;0964;0961;0962;
29;32733963H;GSPCID24/00589;CIDEAD CENTRO INTEGRADO DE ENSEÑANZAS REG;28700519;TÉCNICO SUPERIOR EN AUTOMATIZACIÓN Y ROBÓTICA INDUSTRIAL (LFP) (A DISTANCIA) ;122410043;C;NO;10.67;NO;NO;0963;0964;0179;1709;0961;0962;0959;0960;
30;70259138A;GSPCID24/00085;CIDEAD CENTRO INTEGRADO DE ENSEÑANZAS REG;28700519;TÉCNICO SUPERIOR EN AUTOMATIZACIÓN Y ROBÓTICA INDUSTRIAL (LFP) (A DISTANCIA) ;122410043;C;NO;10.57;NO;NO;0964;0961;0959;0960;
31;71169778G;GSPCID24/00637;CIDEAD CENTRO INTEGRADO DE ENSEÑANZAS REG;28700519;TÉCNICO SUPERIOR EN AUTOMATIZACIÓN Y ROBÓTICA INDUSTRIAL (LFP) (A DISTANCIA) ;122410043;C;NO;10.38;NO;NO;0963;0964;0179;1709;0961;0962;0959;0960;1708;
32;44356674R;GSPCID24/00328;CIDEAD CENTRO INTEGRADO DE ENSEÑANZAS REG;28700519;TÉCNICO SUPERIOR EN AUTOMATIZACIÓN Y ROBÓTICA INDUSTRIAL (LFP) (A DISTANCIA) ;122410043;C;NO;10;NO;NO;0963;0964;0179;1709;0961;0962;0959;0960;1708;
33;43111167J;GSPCID24/00781;CIDEAD CENTRO INTEGRADO DE ENSEÑANZAS REG;28700519;TÉCNICO SUPERIOR EN AUTOMATIZACIÓN Y ROBÓTICA INDUSTRIAL (LFP) (A DISTANCIA) ;122410043;C;NO;9.9;NO;NO;0963;0964;0179;0961;0962;0959;0960;1708;
34;48645541N;GSPCID24/00728;CIDEAD CENTRO INTEGRADO DE ENSEÑANZAS REG;28700519;TÉCNICO SUPERIOR EN AUTOMATIZACIÓN Y ROBÓTICA INDUSTRIAL (LFP) (A DISTANCIA) ;122410043;C;NO;9.58;NO;NO;0963;0964;0179;1709;0961;0962;0959;1708;
35;44969988C;GSPCID24/00448;CIDEAD CENTRO INTEGRADO DE ENSEÑANZAS REG;28700519;TÉCNICO SUPERIOR EN AUTOMATIZACIÓN Y ROBÓTICA INDUSTRIAL (LFP) (A DISTANCIA) ;122410043;C;NO;9.3;NO;NO;0963;0964;0179;0961;0962;0959;0960;1708;
1;72077761Q;GSPCID24/00045;CIDEAD CENTRO INTEGRADO DE ENSEÑANZAS REG;28700519;TÉCNICO SUPERIOR EN AUTOMATIZACIÓN Y ROBÓTICA INDUSTRIAL (LFP) (A DISTANCIA) ;122410043;D;NO;16;NO;NO;0959;
1;01934535M;GSPCID24/00852;CIDEAD CENTRO INTEGRADO DE ENSEÑANZAS REG;28700519;TÉCNICO SUPERIOR EN MANTENIMIENTO ELECTRÓNICO (LFP) (A DISTANCIA) ;122410033;B;NO;10.6;SI;NO;1058;
1;72128926Y;GSPCID24/00423;CIDEAD CENTRO INTEGRADO DE ENSEÑANZAS REG;28700519;TÉCNICO SUPERIOR EN MANTENIMIENTO ELECTRÓNICO (LFP) (A DISTANCIA) ;122410033;A1;NO;22.11;NO;NO;1051;1052;0179;1709;1055;1708;
2;73444194L;GSPCID24/00215;CIDEAD CENTRO INTEGRADO DE ENSEÑANZAS REG;28700519;TÉCNICO SUPERIOR EN MANTENIMIENTO ELECTRÓNICO (LFP) (A DISTANCIA) ;122410033;A1;NO;21.79;NO;NO;1051;1052;1055;1058;
3;20531621G;GSPCID24/00864;CIDEAD CENTRO INTEGRADO DE ENSEÑANZAS REG;28700519;TÉCNICO SUPERIOR EN MANTENIMIENTO ELECTRÓNICO (LFP) (A DISTANCIA) ;122410033;A1;NO;21.59;NO;NO;1051;1052;0179;1709;1055;1708;1058;
4;44060811X;GSPCID24/00292;CIDEAD CENTRO INTEGRADO DE ENSEÑANZAS REG;28700519;TÉCNICO SUPERIOR EN MANTENIMIENTO ELECTRÓNICO (LFP) (A DISTANCIA) ;122410033;A1;NO;21.11;NO;NO;1051;1052;0179;1709;1055;1058;
5;26500406J;GSPCID24/00168;CIDEAD CENTRO INTEGRADO DE ENSEÑANZAS REG;28700519;TÉCNICO SUPERIOR EN MANTENIMIENTO ELECTRÓNICO (LFP) (A DISTANCIA) ;122410033;A1;NO;20.18;NO;NO;1051;1052;0179;1709;1055;1708;1058;
6;77447932D;GSPCID24/00886;CIDEAD CENTRO INTEGRADO DE ENSEÑANZAS REG;28700519;TÉCNICO SUPERIOR EN MANTENIMIENTO ELECTRÓNICO (LFP) (A DISTANCIA) ;122410033;A1;NO;20;NO;NO;1051;1052;0179;1709;1055;1708;1058;
7;71358554L;GSPCID24/00396;CIDEAD CENTRO INTEGRADO DE ENSEÑANZAS REG;28700519;TÉCNICO SUPERIOR EN MANTENIMIENTO ELECTRÓNICO (LFP) (A DISTANCIA) ;122410033;A1;NO;19.83;NO;NO;1051;1052;0179;1709;1055;1708;1058;
8;51150951D;GSPCID24/00546;CIDEAD CENTRO INTEGRADO DE ENSEÑANZAS REG;28700519;TÉCNICO SUPERIOR EN MANTENIMIENTO ELECTRÓNICO (LFP) (A DISTANCIA) ;122410033;A1;NO;19.56;NO;NO;1051;0179;1709;1708;
9;31733136J;GSPCID24/00900;CIDEAD CENTRO INTEGRADO DE ENSEÑANZAS REG;28700519;TÉCNICO SUPERIOR EN MANTENIMIENTO ELECTRÓNICO (LFP) (A DISTANCIA) ;122410033;A1;NO;19;NO;NO;0179;
10;71426507F;GSPCID24/00857;CIDEAD CENTRO INTEGRADO DE ENSEÑANZAS REG;28700519;TÉCNICO SUPERIOR EN MANTENIMIENTO ELECTRÓNICO (LFP) (A DISTANCIA) ;122410033;A1;NO;19;NO;NO;1051;1052;0179;1055;1708;1058;
11;09773633J;GSPCID24/00651;CIDEAD CENTRO INTEGRADO DE ENSEÑANZAS REG;28700519;TÉCNICO SUPERIOR EN MANTENIMIENTO ELECTRÓNICO (LFP) (A DISTANCIA) ;122410033;A1;NO;19;NO;NO;1051;1052;0179;1709;1055;1708;1058;
12;80079521F;GSPCID24/00237;CIDEAD CENTRO INTEGRADO DE ENSEÑANZAS REG;28700519;TÉCNICO SUPERIOR EN MANTENIMIENTO ELECTRÓNICO (LFP) (A DISTANCIA) ;122410033;A1;NO;19;NO;NO;1051;1052;0179;1709;1708;1058;
13;76625523B;GSPCID24/00823;CIDEAD CENTRO INTEGRADO DE ENSEÑANZAS REG;28700519;TÉCNICO SUPERIOR EN MANTENIMIENTO ELECTRÓNICO (LFP) (A DISTANCIA) ;122410033;A1;NO;16.94;NO;NO;1051;1052;0179;1709;1055;1708;1058;
14;70295557J;GSPCID24/00595;CIDEAD CENTRO INTEGRADO DE ENSEÑANZAS REG;28700519;TÉCNICO SUPERIOR EN MANTENIMIENTO ELECTRÓNICO (LFP) (A DISTANCIA) ;122410033;A1;NO;16.59;NO;NO;1051;1052;0179;1709;1055;1708;1058;
15;44849949H;GSPCID24/00761;CIDEAD CENTRO INTEGRADO DE ENSEÑANZAS REG;28700519;TÉCNICO SUPERIOR EN MANTENIMIENTO ELECTRÓNICO (LFP) (A DISTANCIA) ;122410033;A1;NO;14.6;NO;NO;1051;1052;0179;1709;1055;1708;
16;47529212B;GSPCID24/00662;CIDEAD CENTRO INTEGRADO DE ENSEÑANZAS REG;28700519;TÉCNICO SUPERIOR EN MANTENIMIENTO ELECTRÓNICO (LFP) (A DISTANCIA) ;122410033;A1;NO;13.76;NO;NO;1051;1052;0179;1709;1055;1708;1058;
1;02344345R;GSPCID24/00274;CIDEAD CENTRO INTEGRADO DE ENSEÑANZAS REG;28700519;TÉCNICO SUPERIOR EN MANTENIMIENTO ELECTRÓNICO (LFP) (A DISTANCIA) ;122410033;A2;NO;22.83;NO;NO;1052;0179;1055;1058;
2;44913860N;GSPCID24/00052;CIDEAD CENTRO INTEGRADO DE ENSEÑANZAS REG;28700519;TÉCNICO SUPERIOR EN MANTENIMIENTO ELECTRÓNICO (LFP) (A DISTANCIA) ;122410033;A2;NO;22.54;NO;NO;1051;1052;1709;1055;1708;1058;
3;52878909T;GSPCID24/00335;CIDEAD CENTRO INTEGRADO DE ENSEÑANZAS REG;28700519;TÉCNICO SUPERIOR EN MANTENIMIENTO ELECTRÓNICO (LFP) (A DISTANCIA) ;122410033;A2;NO;22.45;NO;NO;1051;1052;1709;1708;1058;
4;08860408A;GSPCID24/00916;CIDEAD CENTRO INTEGRADO DE ENSEÑANZAS REG;28700519;TÉCNICO SUPERIOR EN MANTENIMIENTO ELECTRÓNICO (LFP) (A DISTANCIA) ;122410033;A2;NO;19.2;NO;NO;1051;1052;0179;1709;1055;1708;1058;
5;53580929Z;GSPCID24/00768;CIDEAD CENTRO INTEGRADO DE ENSEÑANZAS REG;28700519;TÉCNICO SUPERIOR EN MANTENIMIENTO ELECTRÓNICO (LFP) (A DISTANCIA) ;122410033;A2;NO;19;NO;NO;1051;1052;0179;1709;1055;1708;1058;
6;44777902F;GSPCID24/00850;CIDEAD CENTRO INTEGRADO DE ENSEÑANZAS REG;28700519;TÉCNICO SUPERIOR EN MANTENIMIENTO ELECTRÓNICO (LFP) (A DISTANCIA) ;122410033;A2;NO;14.88;NO;NO;1051;1052;1058;
7;25665910A;GSPCID24/00030;CIDEAD CENTRO INTEGRADO DE ENSEÑANZAS REG;28700519;TÉCNICO SUPERIOR EN MANTENIMIENTO ELECTRÓNICO (LFP) (A DISTANCIA) ;122410033;A2;NO;13;NO;NO;1051;1052;0179;
8;30541638F;GSPCID24/00018;CIDEAD CENTRO INTEGRADO DE ENSEÑANZAS REG;28700519;TÉCNICO SUPERIOR EN MANTENIMIENTO ELECTRÓNICO (LFP) (A DISTANCIA) ;122410033;A2;NO;13;NO;NO;1051;1052;1709;1055;1708;1058;
1;47637391K;GSPCID24/00889;CIDEAD CENTRO INTEGRADO DE ENSEÑANZAS REG;28700519;TÉCNICO SUPERIOR EN MANTENIMIENTO ELECTRÓNICO (LFP) (A DISTANCIA) ;122410033;B;NO;20;NO;NO;1051;1052;0179;1709;1055;1708;1058;
2;45332976E;GSPCID24/00112;CIDEAD CENTRO INTEGRADO DE ENSEÑANZAS REG;28700519;TÉCNICO SUPERIOR EN MANTENIMIENTO ELECTRÓNICO (LFP) (A DISTANCIA) ;122410033;B;NO;18.04;NO;NO;1051;1052;0179;1709;1055;1708;1058;
3;15430070Z;GSPCID24/00479;CIDEAD CENTRO INTEGRADO DE ENSEÑANZAS REG;28700519;TÉCNICO SUPERIOR EN MANTENIMIENTO ELECTRÓNICO (LFP) (A DISTANCIA) ;122410033;B;NO;17.52;NO;NO;1051;1052;0179;1709;1055;1708;1058;
4;09778690X;GSPCID24/00832;CIDEAD CENTRO INTEGRADO DE ENSEÑANZAS REG;28700519;TÉCNICO SUPERIOR EN MANTENIMIENTO ELECTRÓNICO (LFP) (A DISTANCIA) ;122410033;B;NO;17.29;NO;NO;1051;1052;1055;1058;
5;48896546H;GSPCID24/00017;CIDEAD CENTRO INTEGRADO DE ENSEÑANZAS REG;28700519;TÉCNICO SUPERIOR EN MANTENIMIENTO ELECTRÓNICO (LFP) (A DISTANCIA) ;122410033;B;NO;16.58;NO;NO;1051;1052;0179;1709;1055;1708;1058;
6;25143545Z;GSPCID24/00070;CIDEAD CENTRO INTEGRADO DE ENSEÑANZAS REG;28700519;TÉCNICO SUPERIOR EN MANTENIMIENTO ELECTRÓNICO (LFP) (A DISTANCIA) ;122410033;B;NO;16.17;NO;NO;1051;1052;0179;1055;1708;1058;
7;44607253H;GSPCID24/00619;CIDEAD CENTRO INTEGRADO DE ENSEÑANZAS REG;28700519;TÉCNICO SUPERIOR EN MANTENIMIENTO ELECTRÓNICO (LFP) (A DISTANCIA) ;122410033;B;NO;15.21;NO;NO;1051;1052;0179;1709;1055;1708;1058;
8;48818626E;GSPCID24/00242;CIDEAD CENTRO INTEGRADO DE ENSEÑANZAS REG;28700519;TÉCNICO SUPERIOR EN MANTENIMIENTO ELECTRÓNICO (LFP) (A DISTANCIA) ;122410033;B;NO;15;NO;NO;1051;1052;0179;1055;1708;1058;
9;52725221K;GSPCID24/00774;CIDEAD CENTRO INTEGRADO DE ENSEÑANZAS REG;28700519;TÉCNICO SUPERIOR EN MANTENIMIENTO ELECTRÓNICO (LFP) (A DISTANCIA) ;122410033;B;NO;15;NO;NO;1051;1052;0179;1709;1055;1708;1058;
10;46807384S;GSPCID24/00974;CIDEAD CENTRO INTEGRADO DE ENSEÑANZAS REG;28700519;TÉCNICO SUPERIOR EN MANTENIMIENTO ELECTRÓNICO (LFP) (A DISTANCIA) ;122410033;B;NO;15;NO;NO;1051;1052;0179;1709;1055;1708;1058;
11;53423708K;GSPCID24/00866;CIDEAD CENTRO INTEGRADO DE ENSEÑANZAS REG;28700519;TÉCNICO SUPERIOR EN MANTENIMIENTO ELECTRÓNICO (LFP) (A DISTANCIA) ;122410033;B;NO;15;NO;NO;1051;1052;1055;1708;1058;
12;71309067M;GSPCID24/00655;CIDEAD CENTRO INTEGRADO DE ENSEÑANZAS REG;28700519;TÉCNICO SUPERIOR EN MANTENIMIENTO ELECTRÓNICO (LFP) (A DISTANCIA) ;122410033;B;NO;9.94;NO;NO;1051;1052;0179;1055;1708;1058;
13;26237446N;GSPCID24/00688;CIDEAD CENTRO INTEGRADO DE ENSEÑANZAS REG;28700519;TÉCNICO SUPERIOR EN MANTENIMIENTO ELECTRÓNICO (LFP) (A DISTANCIA) ;122410033;B;NO;9.12;NO;NO;1051;1052;0179;1709;1055;1708;1058;
14;05691263M;GSPCID24/00966;CIDEAD CENTRO INTEGRADO DE ENSEÑANZAS REG;28700519;TÉCNICO SUPERIOR EN MANTENIMIENTO ELECTRÓNICO (LFP) (A DISTANCIA) ;122410033;B;NO;9;NO;NO;1051;1052;1055;1708;1058;
15;71288174L;GSPCID24/00350;CIDEAD CENTRO INTEGRADO DE ENSEÑANZAS REG;28700519;TÉCNICO SUPERIOR EN MANTENIMIENTO ELECTRÓNICO (LFP) (A DISTANCIA) ;122410033;B;NO;9;NO;NO;1051;1052;0179;1709;1055;1708;1058;
1;30260344A;GSPCID24/00606;CIDEAD CENTRO INTEGRADO DE ENSEÑANZAS REG;28700519;TÉCNICO SUPERIOR EN MANTENIMIENTO ELECTRÓNICO (LFP) (A DISTANCIA) ;122410033;C;NO;18.61;NO;NO;1051;1052;0179;1709;1055;1708;1058;
2;09811426V;GSPCID24/00532;CIDEAD CENTRO INTEGRADO DE ENSEÑANZAS REG;28700519;TÉCNICO SUPERIOR EN MANTENIMIENTO ELECTRÓNICO (LFP) (A DISTANCIA) ;122410033;C;NO;18;NO;NO;1051;1052;0179;1709;1055;1708;1058;
3;45765630T;GSPCID24/00729;CIDEAD CENTRO INTEGRADO DE ENSEÑANZAS REG;28700519;TÉCNICO SUPERIOR EN MANTENIMIENTO ELECTRÓNICO (LFP) (A DISTANCIA) ;122410033;C;NO;17.91;NO;NO;1051;1052;0179;1709;1055;1058;
4;44289688Z;GSPCID24/00141;CIDEAD CENTRO INTEGRADO DE ENSEÑANZAS REG;28700519;TÉCNICO SUPERIOR EN MANTENIMIENTO ELECTRÓNICO (LFP) (A DISTANCIA) ;122410033;C;NO;17.7;NO;NO;1709;1055;1708;1058;
5;47555351E;GSPCID24/00862;CIDEAD CENTRO INTEGRADO DE ENSEÑANZAS REG;28700519;TÉCNICO SUPERIOR EN MANTENIMIENTO ELECTRÓNICO (LFP) (A DISTANCIA) ;122410033;C;NO;17.33;NO;NO;1051;1052;0179;1709;1055;1708;1058;
6;76261991V;GSPCID24/00842;CIDEAD CENTRO INTEGRADO DE ENSEÑANZAS REG;28700519;TÉCNICO SUPERIOR EN MANTENIMIENTO ELECTRÓNICO (LFP) (A DISTANCIA) ;122410033;C;NO;17.27;NO;NO;1051;1052;0179;1709;1055;1708;1058;
7;28849103L;GSPCID24/00354;CIDEAD CENTRO INTEGRADO DE ENSEÑANZAS REG;28700519;TÉCNICO SUPERIOR EN MANTENIMIENTO ELECTRÓNICO (LFP) (A DISTANCIA) ;122410033;C;NO;17.1;NO;NO;1051;1052;0179;1709;1055;1708;1058;
8;47547278E;GSPCID24/00869;CIDEAD CENTRO INTEGRADO DE ENSEÑANZAS REG;28700519;TÉCNICO SUPERIOR EN MANTENIMIENTO ELECTRÓNICO (LFP) (A DISTANCIA) ;122410033;C;NO;17.08;NO;NO;1051;1052;0179;1709;1055;1708;1058;
9;47953329P;GSPCID24/00813;CIDEAD CENTRO INTEGRADO DE ENSEÑANZAS REG;28700519;TÉCNICO SUPERIOR EN MANTENIMIENTO ELECTRÓNICO (LFP) (A DISTANCIA) ;122410033;C;NO;16.3;NO;NO;1051;
10;75864155N;GSPCID24/00590;CIDEAD CENTRO INTEGRADO DE ENSEÑANZAS REG;28700519;TÉCNICO SUPERIOR EN MANTENIMIENTO ELECTRÓNICO (LFP) (A DISTANCIA) ;122410033;C;NO;15.88;NO;NO;1051;0179;1709;1055;
11;34074238Z;GSPCID24/00466;CIDEAD CENTRO INTEGRADO DE ENSEÑANZAS REG;28700519;TÉCNICO SUPERIOR EN MANTENIMIENTO ELECTRÓNICO (LFP) (A DISTANCIA) ;122410033;C;NO;15;NO;NO;1051;1052;0179;1709;1055;1708;1058;
12;76427014S;GSPCID24/00199;CIDEAD CENTRO INTEGRADO DE ENSEÑANZAS REG;28700519;TÉCNICO SUPERIOR EN MANTENIMIENTO ELECTRÓNICO (LFP) (A DISTANCIA) ;122410033;C;NO;15;NO;NO;1051;1052;1055;1058;
13;71429515W;GSPCID24/00838;CIDEAD CENTRO INTEGRADO DE ENSEÑANZAS REG;28700519;TÉCNICO SUPERIOR EN MANTENIMIENTO ELECTRÓNICO (LFP) (A DISTANCIA) ;122410033;C;NO;15;NO;NO;1051;1052;0179;1709;1055;1708;1058;
14;25421696A;GSPCID24/00054;CIDEAD CENTRO INTEGRADO DE ENSEÑANZAS REG;28700519;TÉCNICO SUPERIOR EN MANTENIMIENTO ELECTRÓNICO (LFP) (A DISTANCIA) ;122410033;C;NO;11.2;NO;NO;1051;0179;1058;
15;03928079R;GSPCID24/00901;CIDEAD CENTRO INTEGRADO DE ENSEÑANZAS REG;28700519;TÉCNICO SUPERIOR EN MANTENIMIENTO ELECTRÓNICO (LFP) (A DISTANCIA) ;122410033;C;NO;10.67;NO;NO;1051;1052;0179;1709;1055;1708;1058;
